engagement_score,app_opened,session_duration,avg_time_per_day,weekly_active_days,notifications_received,notifications_clicked,features_used,search_count,referrals_made,complaints_raised,support_chat_used,tickets_resolved,days_inactive,last_login_gap,last_subscription_days,subscription_renewal_gap,plan_upgrade_count,plan_downgrade_count,auto_renew_enabled,payment_success,payment_failures,refund_requests,feedback_given,rating_given,subscription_price,monthly_spend,account_age_months,lifetime_value,actual_churn,rf_churn_probability,lr_churn_probability,rf_prediction,lr_prediction
100,58,143,52,4,50,47,14,41,6,1,0,0,10,1,306,0,1,0,1,10,1,0,7,3,499,759,51,38709,0,0.3359071617750113,0.14188212033675396,0,0
71,20,65,19,5,36,22,11,15,0,2,1,1,33,4,112,13,0,1,1,5,4,2,4,2,299,409,20,8180,1,0.21269068325211385,0.3522203026477863,0,0
75,28,53,23,4,41,35,10,10,0,3,1,2,13,5,102,21,2,2,1,1,4,0,4,5,499,839,5,4195,0,0.32829198709764285,0.2135291375411553,0,0
64,6,11,15,3,18,9,6,6,0,2,1,0,80,20,27,52,0,3,0,8,3,1,2,3,299,359,54,19386,1,0.4802541255854114,0.42547198097237954,0,0
54,18,54,31,3,25,10,6,15,0,2,1,1,29,21,200,75,0,2,0,3,4,2,1,4,399,459,19,8721,0,0.4209965687204577,0.48449712806447415,0,0
72,16,49,28,4,25,20,7,17,3,2,1,2,15,11,170,43,1,0,0,7,3,1,2,5,399,589,46,27094,1,0.2727960388414099,0.3227602910993037,0,0
63,21,46,24,3,23,13,5,3,0,2,1,1,36,12,69,48,0,1,0,4,4,0,4,4,299,349,46,16054,0,0.44875171690920335,0.4023787171312954,0,0
100,40,89,30,6,46,43,11,35,5,0,0,0,2,1,296,0,4,1,1,8,4,0,3,5,499,1089,15,16335,1,0.19354382405068107,0.19137402300815365,0,0
69,28,59,21,4,42,29,9,12,3,0,0,0,31,6,245,50,2,0,1,3,4,2,4,4,299,629,9,5661,0,0.26052673121749803,0.3561982486206582,0,0
76,52,129,25,7,50,41,8,19,2,2,1,1,8,0,301,9,2,0,1,4,4,0,7,4,499,819,30,24570,0,0.3241513277994186,0.2704227506787172,0,0
84,33,89,21,6,50,47,11,26,3,0,0,0,33,8,298,28,1,1,1,10,1,1,4,5,499,729,40,29160,0,0.2746627762683475,0.14599664022156864,0,0
100,46,104,41,4,50,47,13,32,7,1,0,0,3,0,346,2,2,1,1,7,3,0,7,5,999,1369,24,32856,0,0.3090518045781091,0.1549695666027266,0,0
51,30,71,21,5,31,14,4,27,1,2,1,2,17,14,127,44,0,0,1,2,4,0,3,2,499,539,18,9702,0,0.3892138489890935,0.34453633413131757,0,0
55,3,6,22,1,19,9,5,6,0,6,1,5,23,21,174,71,0,2,1,3,4,3,0,1,499,549,36,19764,1,0.5105709654185108,0.4422603906434617,1,0
84,32,69,36,4,40,36,5,6,3,3,1,3,12,4,300,27,0,1,0,1,4,0,5,4,499,549,15,8235,1,0.32564849739562346,0.23365244816362607,0,0
60,28,60,28,4,34,19,9,14,0,3,1,2,23,3,100,33,0,2,0,4,4,2,4,4,399,489,54,26406,1,0.3978803856368062,0.43681811420125843,0,0
45,24,54,20,4,33,8,6,2,0,2,1,2,57,22,30,80,0,2,0,5,4,1,1,2,199,259,34,8806,0,0.6220534496047802,0.5078953293789881,1,1
74,25,74,31,5,36,26,6,26,2,2,1,0,16,14,123,47,1,0,0,2,4,0,3,5,299,479,24,11496,0,0.3085134500551817,0.32662680224442775,0,0
62,15,51,31,3,26,14,2,12,0,0,0,0,22,9,167,34,1,1,0,6,2,1,4,4,399,539,46,24794,0,0.2767971959576384,0.262007342213566,0,0
54,16,37,30,2,24,14,10,14,2,0,0,0,24,1,126,26,0,0,1,6,2,2,2,4,499,599,8,4792,0,0.32496542343069995,0.2763674361581993,0,0
81,49,147,38,7,50,42,13,12,3,2,1,0,6,0,205,15,2,0,1,3,4,1,4,3,999,1369,8,10952,0,0.30436556459869424,0.21417496455924673,0,0
100,59,157,40,6,50,44,14,16,1,0,0,0,12,1,277,2,1,0,1,10,1,0,5,5,499,759,21,15939,0,0.1584297222347162,0.11035930116283107,0,0
68,18,59,27,3,28,20,4,14,1,0,0,0,44,13,173,50,0,0,1,8,4,1,2,2,199,239,25,5975,0,0.3382021686297671,0.37851838310357366,0,0
91,23,60,38,3,29,26,10,12,1,3,1,2,5,2,293,29,1,2,0,3,4,0,3,2,299,519,26,13494,0,0.3410968164944872,0.27061676946519453,0,0
46,6,11,29,1,14,4,4,2,1,1,0,1,11,24,115,40,1,0,0,2,4,0,2,3,299,459,25,11475,0,0.37005203383919605,0.38260715593661604,0,0
71,39,99,32,5,46,30,11,24,7,0,0,0,9,4,343,8,1,1,1,10,3,1,7,4,999,1229,57,70053,0,0.30852487045548993,0.30315452540206506,0,0
54,18,53,22,3,27,14,3,10,0,0,0,0,28,8,214,41,1,1,1,5,4,2,3,3,199,349,8,2792,0,0.3712713286341119,0.42510493110768605,0,0
50,24,46,17,4,28,9,5,12,0,5,1,1,47,32,108,95,0,1,0,1,4,3,0,1,199,249,16,3984,1,0.6107081343017331,0.6069018661149095,1,1
49,3,7,16,1,15,6,3,2,1,1,0,0,38,10,140,78,1,1,0,8,3,1,0,1,199,349,59,20591,1,0.5041395411681392,0.4587550088742468,1,0
55,12,39,21,3,22,12,6,13,3,0,0,0,30,5,140,55,1,1,1,7,4,1,1,5,399,579,19,11001,0,0.3271695048612202,0.4053160170087497,0,0
98,53,176,46,6,50,39,12,24,2,0,0,0,2,2,253,4,2,1,1,6,2,0,7,5,999,1359,19,25821,0,0.1301198598773551,0.10900903862688949,0,0
71,12,23,24,3,32,19,9,24,2,3,1,3,6,12,282,25,2,2,0,5,4,2,3,4,499,829,43,35647,1,0.45477854135831547,0.3851785635916349,0,0
50,12,39,38,2,24,11,5,20,0,0,0,0,25,13,114,20,1,0,1,6,3,1,5,3,399,569,29,16501,0,0.29169302125718494,0.3003005476998526,0,0
100,57,179,50,5,50,47,14,26,3,0,0,0,17,1,348,9,1,0,1,6,4,0,2,3,999,1259,21,26439,0,0.2440895710748693,0.20292805284775495,0,0
79,15,31,19,4,26,24,8,8,0,0,0,0,24,7,80,85,0,0,0,4,3,2,4,4,399,479,7,3353,1,0.43835588711410933,0.2965947421850669,0,0
47,4,9,20,2,17,6,6,8,0,3,1,1,55,31,100,144,0,1,0,1,4,3,1,3,299,359,10,3590,1,0.4951410095892454,0.6089382136570596,0,1
80,35,79,20,5,46,31,10,13,1,2,1,1,16,1,177,15,1,2,1,6,4,2,2,5,399,619,40,24760,0,0.2633744913728699,0.33946788241736825,0,0
72,38,88,37,4,42,30,13,29,7,1,0,1,1,1,358,3,3,1,1,4,4,1,5,3,499,989,12,11868,0,0.3081089256474895,0.2814120854160947,0,0
67,36,70,23,7,48,31,8,44,4,1,0,0,8,3,256,0,4,1,1,10,1,0,4,3,699,1259,58,73022,0,0.2680373353669184,0.18608786213819958,0,0
75,49,106,44,4,50,40,13,32,1,1,0,0,13,5,360,21,4,0,1,9,1,1,2,5,999,1609,36,57924,0,0.24249318534581885,0.1819709774335865,0,0
73,46,108,36,6,50,36,12,13,1,0,0,0,4,3,204,18,1,1,1,6,3,1,6,5,699,939,17,15963,0,0.23504618811526123,0.18856456773659527,0,0
35,6,18,23,2,15,4,5,2,1,0,0,0,17,9,204,29,0,1,1,7,4,1,2,3,199,249,27,6723,0,0.4470307854352693,0.4337557709041793,0,0
70,48,140,58,3,46,28,11,13,4,0,0,0,16,1,248,21,4,0,1,9,2,1,4,5,699,1289,40,51560,1,0.17523209897629866,0.26474689042408417,0,0
67,15,38,21,3,30,21,7,16,0,3,1,1,13,19,209,86,1,1,1,7,3,1,0,4,299,489,38,18582,0,0.36655745814463603,0.3287007014710361,0,0
91,52,163,66,3,47,44,11,38,4,2,1,0,10,6,329,25,1,0,1,6,3,1,2,4,699,929,13,12077,0,0.26464630287670005,0.23368060672426172,0,0
76,53,125,24,7,50,35,12,44,2,0,0,0,14,2,238,5,2,1,1,5,3,1,4,5,699,1059,17,18003,1,0.25498791035309454,0.227074035849576,0,0
47,0,5,20,0,5,2,2,6,0,4,1,2,59,35,99,46,0,3,0,5,4,3,1,2,399,419,55,23045,1,0.5489663662361861,0.6044942884645913,1,1
47,6,17,18,3,24,12,5,3,0,4,1,2,35,31,108,51,0,3,0,2,4,1,0,3,399,449,54,24246,1,0.406897957353323,0.4258675715412759,0,0
22,0,5,23,0,11,1,1,7,0,4,1,4,57,34,116,71,0,1,0,1,4,2,0,1,299,309,30,9270,1,0.6635883560045877,0.5948192414647985,1,1
97,57,130,46,4,48,45,8,22,6,1,0,1,13,2,188,1,4,1,1,8,4,1,6,5,999,1559,26,40534,0,0.24736866986016048,0.2467850137276463,0,0
42,8,23,21,2,25,11,6,6,0,3,1,3,24,16,101,127,0,1,0,5,4,2,1,3,199,259,57,14763,0,0.5655415770363522,0.5295660539606715,1,1
100,35,109,34,7,45,35,10,38,5,1,0,1,2,4,315,4,3,0,1,10,1,1,5,4,699,1159,52,60268,0,0.26693636994353215,0.13344739361162106,0,0
48,15,51,24,3,26,13,6,11,3,1,0,0,33,14,107,30,0,2,1,8,4,0,3,5,299,359,53,19027,0,0.34361557949197763,0.38097393180281386,0,0
68,8,17,20,2,18,13,4,11,1,3,1,3,37,14,154,72,1,1,0,1,4,0,3,3,199,359,30,10770,0,0.44759787112588234,0.38424255909695787,0,0
36,21,56,23,3,26,11,8,11,1,3,1,1,39,5,87,18,0,1,0,2,4,2,2,1,199,279,44,12276,1,0.49614064314398926,0.5525031051394727,0,1
75,16,36,22,4,23,13,1,8,0,2,1,0,51,31,129,126,0,3,0,5,4,1,1,1,299,309,24,7416,0,0.5089320935755292,0.4463781385241714,1,0
69,16,45,32,2,27,17,6,12,0,2,1,2,5,12,298,40,2,2,0,6,4,0,4,4,299,599,57,34143,1,0.3075750966075315,0.36323041029116787,0,0
51,6,14,20,1,14,5,7,5,0,4,1,4,23,9,52,110,0,1,0,2,4,4,2,3,399,469,20,9380,1,0.45858068058222795,0.5798865069288981,0,1
42,16,31,19,4,26,8,4,14,0,3,1,0,55,26,90,146,0,1,0,1,4,4,1,3,299,339,9,3051,1,0.49224315599044444,0.6617233712589307,0,1
60,40,80,26,4,48,28,12,33,1,2,1,1,18,4,273,9,4,0,1,8,4,0,6,5,999,1599,33,52767,0,0.3322471415764464,0.36202179957805725,0,0
91,32,88,37,4,40,30,11,21,2,2,1,2,10,1,353,6,3,1,1,5,4,0,5,3,499,969,20,19380,0,0.3235944757628333,0.22898828100434204,0,0
33,12,31,23,3,23,5,4,6,0,2,1,2,47,13,59,72,0,1,0,3,4,4,0,1,499,539,33,17787,0,0.5404263166979039,0.6105265245312576,1,1
51,6,14,23,3,25,12,5,7,0,2,1,2,59,23,45,139,0,1,0,2,4,3,2,2,399,449,20,8980,1,0.5005339577471557,0.5335401610775183,1,1
90,43,79,30,4,46,36,11,36,1,2,1,0,7,2,268,0,1,1,1,6,3,0,4,5,699,929,40,37160,0,0.1984048984088349,0.22188048205261315,0,0
33,3,8,27,1,19,8,7,5,0,3,1,3,64,22,167,51,0,2,0,1,4,2,2,3,299,369,34,12546,0,0.47952430960568504,0.5314906099989303,0,1
34,3,8,15,1,21,6,8,8,1,1,0,1,29,13,189,38,0,0,0,2,4,1,4,3,399,479,32,15328,1,0.47567596092137865,0.47281823253483984,0,0
63,2,5,17,2,20,12,5,7,0,2,1,0,32,10,91,169,0,3,0,3,4,1,2,1,299,349,34,11866,0,0.5622458107108536,0.48403913037576873,1,0
53,10,30,32,2,23,11,11,24,0,2,1,2,21,3,255,7,0,2,1,7,4,0,3,4,399,509,55,27995,0,0.3747471041009972,0.35309957724360425,0,0
75,42,82,30,4,50,35,14,15,5,0,0,0,10,7,268,25,2,0,1,5,4,0,6,4,999,1379,16,22064,1,0.15744451236047563,0.22640129129508318,0,0
68,17,46,18,5,28,17,8,6,1,0,0,0,27,23,186,49,1,2,0,2,4,2,2,1,399,599,7,4193,0,0.3396216675070717,0.3559061906026289,0,0
96,41,118,46,4,49,46,12,21,7,1,0,0,8,4,232,13,4,1,1,10,2,1,4,4,499,1099,53,58247,0,0.2058289678984887,0.2056317752101823,0,0
100,49,133,29,6,50,46,14,18,3,0,0,0,9,3,222,12,4,1,1,10,2,0,6,4,699,1319,47,61993,0,0.20073056078662332,0.16873887865280646,0,0
95,34,89,28,6,44,41,9,27,5,0,0,0,4,0,358,10,3,1,1,7,2,1,5,3,699,1149,11,12639,1,0.24365639591933275,0.12434342513358144,0,0
66,44,90,37,5,50,25,12,10,3,0,0,0,3,3,332,21,2,0,1,5,4,0,3,3,999,1359,12,16308,0,0.2931177846274824,0.22281396346876045,0,0
38,21,56,37,3,21,9,2,4,1,2,1,1,43,3,204,40,1,0,0,1,4,0,2,2,399,539,28,15092,1,0.4801089813614272,0.4636459955590994,0,0
80,30,88,30,5,37,28,7,27,2,0,0,0,6,3,264,34,0,1,0,7,2,2,3,2,499,569,40,22760,0,0.27135885112175595,0.23891127365082704,0,0
100,40,111,33,5,48,38,12,31,3,1,0,1,12,1,181,20,4,1,1,7,3,1,2,5,699,1299,37,48063,0,0.23199909783913897,0.21432246344007252,0,0
66,10,28,26,2,24,15,5,11,0,4,1,4,25,9,136,147,0,2,0,2,4,2,1,1,199,249,25,6225,0,0.39335942722964806,0.4639879566564484,0,0
49,12,34,26,3,27,10,4,15,0,1,0,0,6,14,168,33,1,0,1,9,3,0,5,2,499,659,41,27019,0,0.3001857780307627,0.28465909849636106,0,0
75,36,116,34,6,43,37,11,6,1,0,0,0,34,9,281,36,0,2,1,10,2,0,5,2,499,609,54,32886,0,0.18573299735376003,0.1779491476122232,0,0
81,38,128,35,6,50,45,13,15,7,0,0,0,13,4,250,13,1,1,1,10,2,0,7,4,499,749,57,42693,0,0.1954851825195889,0.16863865977457793,0,0
78,17,40,33,2,22,16,5,6,0,2,1,1,32,12,119,70,1,0,1,7,3,1,1,4,299,469,46,21574,0,0.36540838082372507,0.32289461384345824,0,0
55,12,35,24,2,23,8,2,4,0,0,0,0,21,20,72,59,0,2,0,10,1,1,1,3,399,419,49,20531,1,0.4444656361670542,0.25300431129600826,0,0
79,38,86,30,5,42,26,10,24,4,2,1,0,14,1,189,6,4,1,1,8,4,0,4,3,699,1279,52,66508,1,0.36434100187463947,0.37154690074208874,0,0
20,0,5,22,0,15,2,5,7,0,5,1,4,79,18,38,109,0,3,0,3,4,2,1,2,399,449,53,23797,1,0.623290529419547,0.6569218278920103,1,1
84,51,129,31,6,50,43,8,23,1,2,1,2,9,8,201,31,1,2,1,8,4,1,3,3,499,699,47,32853,1,0.37840262470318925,0.2959134006915536,0,0
74,16,53,25,3,26,21,2,15,1,2,1,0,11,19,186,36,0,2,0,3,4,1,1,1,299,319,44,14036,0,0.3484478324730311,0.3623851750906091,0,0
95,15,48,35,2,25,20,5,22,1,1,0,0,10,5,159,46,2,1,1,10,1,1,1,5,499,789,47,37083,0,0.3269259305216217,0.16714055293811456,0,0
35,7,19,33,1,17,4,7,9,0,3,1,3,45,15,213,23,1,2,1,5,4,2,1,1,199,389,38,14782,0,0.4876178120682415,0.498873223097671,0,0
64,18,54,25,3,32,26,6,13,0,4,1,2,55,18,53,140,0,1,0,1,4,3,1,3,499,559,29,16211,0,0.5240840094560067,0.5218473479745095,1,1
69,45,106,23,7,50,38,10,14,1,0,0,0,11,0,320,3,2,1,1,6,2,1,5,3,499,839,11,9229,0,0.24291784865663293,0.1648584392818351,0,0
69,46,149,48,5,50,35,9,23,1,1,0,0,9,13,189,51,2,1,1,4,4,0,4,4,399,729,11,8019,0,0.28459480961522376,0.26335135403947846,0,0
63,8,17,26,2,18,11,6,5,0,4,1,4,24,17,47,113,0,1,1,6,4,3,1,2,399,459,54,24786,0,0.46590617820954916,0.45833117187087935,0,0
71,38,128,43,4,38,20,8,29,0,0,0,0,22,11,185,21,0,2,1,6,2,2,1,2,399,479,19,9101,0,0.29211379679846594,0.24424399574749017,0,0
61,42,89,29,6,50,21,8,17,0,3,1,1,23,1,249,50,1,1,1,8,4,2,1,5,399,599,56,33544,0,0.37325093459226527,0.44648090271086294,0,0
88,34,97,29,5,50,32,14,41,3,1,0,0,8,1,252,15,3,0,1,4,3,0,5,5,499,999,14,13986,1,0.18549586087126815,0.18141123999177705,0,0
79,43,81,27,4,41,28,8,29,4,1,0,1,9,4,274,19,2,0,1,4,4,0,3,5,699,1019,12,12228,0,0.22394695228900147,0.2559217900143622,0,0
53,23,77,26,4,29,16,5,8,0,2,1,2,70,42,109,57,0,1,0,7,4,2,1,2,199,249,58,14442,0,0.5953760948961585,0.5142203416240794,1,1
78,43,81,25,5,42,39,9,27,7,1,0,1,6,1,219,15,1,1,1,4,3,0,4,3,699,909,23,20907,0,0.16763960020031593,0.19531604665052163,0,0
67,53,180,38,7,50,32,8,28,2,2,1,1,15,11,156,33,1,0,0,5,4,0,2,5,299,499,52,25948,1,0.381145874819223,0.3840271064024611,0,0
65,9,17,18,4,22,12,3,2,0,2,1,1,55,16,79,151,0,1,1,7,3,1,1,2,399,429,37,15873,1,0.49372228486365854,0.3702705600053643,0,0
78,28,69,18,6,41,28,9,10,3,1,0,0,18,2,256,7,4,1,1,10,3,1,3,4,699,1269,58,73602,0,0.3021084117031167,0.3037619836407382,0,0
63,1,5,16,1,14,6,3,1,0,5,1,5,60,23,126,72,0,3,0,5,4,1,1,2,299,329,56,18424,0,0.4819724215692717,0.45166246476597643,0,0
58,12,25,31,2,23,13,10,8,1,1,0,0,25,3,207,20,0,2,1,10,1,2,4,3,499,599,54,32346,1,0.22834594410814826,0.2365970305930619,0,0
77,30,71,18,6,43,34,5,23,0,3,1,3,11,1,215,41,1,0,0,2,4,1,1,4,399,569,29,16501,0,0.3273379597678156,0.3049183323060181,0,0
45,18,37,18,3,27,14,5,14,0,0,0,0,29,8,163,23,1,2,1,3,3,1,2,4,399,569,13,7397,0,0.3821174771001771,0.31370745658580595,0,0
45,16,32,24,4,30,13,7,11,0,0,0,0,26,8,104,76,0,2,1,4,4,2,0,2,399,469,28,13132,0,0.3913491372045126,0.4074563449022389,0,0
60,36,122,36,5,44,35,13,35,1,0,0,0,9,0,220,22,4,0,1,10,2,1,4,3,999,1609,36,57924,0,0.2745175996767141,0.24222672640785725,0,0
58,16,42,35,2,28,12,5,16,0,3,1,0,31,1,185,35,0,0,1,6,4,2,5,2,499,549,58,31842,0,0.40740985217173636,0.4614642400228106,0,0
92,40,76,16,7,48,42,11,22,4,1,0,0,7,0,238,2,4,0,0,6,3,0,4,5,499,1089,42,45738,1,0.1928432832501325,0.22500882101014913,0,0
80,49,135,43,4,50,28,14,26,3,2,1,0,3,1,270,1,3,0,1,10,2,1,7,5,699,1199,57,68343,0,0.31112118563658203,0.29713623654625554,0,0
46,20,59,22,4,31,11,4,11,0,1,0,1,25,10,150,62,0,2,0,3,4,0,1,2,299,339,36,12204,0,0.4222723484810015,0.39104814958172635,0,0
47,15,28,15,3,29,12,10,17,2,0,0,0,19,14,309,59,1,2,0,5,4,1,3,3,299,519,37,19203,0,0.40472790248788354,0.4633806564752957,0,0
45,0,5,18,0,5,2,2,4,0,2,1,1,38,25,37,103,0,2,0,1,4,3,1,1,299,319,36,11484,1,0.6311605829481893,0.6044931420391114,1,1
95,35,84,26,4,43,34,13,18,3,2,1,0,8,3,268,5,4,0,1,6,3,1,4,4,499,1109,29,32161,0,0.25827542962406125,0.24984327498042613,0,0
40,5,15,22,1,14,4,3,8,0,2,1,0,84,25,60,137,0,2,0,1,4,2,0,3,199,229,4,916,0,0.46545120588375066,0.6592010078881416,0,1
32,4,13,31,1,14,4,5,2,0,4,1,3,25,28,57,120,0,1,1,1,4,1,1,1,299,349,28,9772,0,0.4554425240853274,0.46704482168318523,0,0
42,4,10,29,1,21,3,6,4,1,1,0,0,21,21,82,87,1,2,1,5,4,1,2,3,199,379,46,17434,1,0.4781406727795581,0.4366323028825443,0,0
58,35,69,32,5,45,30,9,26,2,0,0,0,19,1,314,6,1,0,1,10,2,2,1,2,399,609,47,28623,1,0.23262374939976235,0.2657699000194049,0,0
81,28,65,22,4,41,30,9,29,1,0,0,0,28,12,233,51,1,0,1,9,3,1,2,5,299,509,28,14252,1,0.14427128191653446,0.2749998364979095,0,0
80,36,70,24,5,43,36,11,21,4,1,0,0,0,0,221,6,2,1,1,4,3,1,5,4,999,1349,9,12141,1,0.18512444732772224,0.16240182629484917,0,0
30,2,5,10,1,13,5,5,14,0,5,1,5,24,11,134,114,0,2,0,1,4,3,1,2,199,249,47,11703,1,0.6020501381511315,0.6102061179454603,1,1
53,14,37,36,2,24,10,3,10,0,0,0,0,34,3,104,17,0,0,0,8,4,1,2,3,399,429,39,16731,0,0.38865563150066174,0.42042080882894345,0,0
36,37,93,42,4,37,11,7,17,1,1,0,1,25,5,151,59,0,0,0,4,3,1,1,1,399,469,20,9380,0,0.34895485298440065,0.40683865561771876,0,0
57,8,15,17,2,18,13,6,9,0,5,1,4,56,17,164,81,0,2,1,5,4,2,1,2,299,359,48,17232,1,0.5255959898963184,0.47401573585905377,1,0
43,20,53,32,4,24,10,2,6,1,1,0,0,11,14,68,75,1,0,0,2,4,2,4,4,299,439,27,11853,0,0.42346359094854247,0.46341364227138654,0,0
82,34,64,28,7,50,40,11,29,7,2,1,2,10,0,285,9,4,0,1,6,4,1,7,5,499,1089,27,29403,0,0.2651918089573143,0.25287635059223385,0,0
52,9,18,17,3,19,11,3,13,0,3,1,3,55,32,67,133,0,2,0,5,4,3,0,2,199,229,53,12137,0,0.5156339614401487,0.5672592887077778,1,1
58,12,35,25,3,29,20,7,11,0,3,1,0,60,23,118,140,0,1,0,6,4,2,1,2,399,469,52,24388,0,0.5556512850090908,0.5573474125591741,1,1
96,43,146,53,4,47,42,11,33,5,2,1,0,6,3,267,8,4,1,1,7,3,1,5,3,499,1089,49,53361,0,0.2784229201787263,0.27121648021378214,0,0
83,58,166,34,7,50,42,14,13,7,2,1,2,11,3,255,16,1,0,1,7,4,0,3,5,499,759,20,15180,1,0.30577185148151836,0.27825695373236475,0,0
100,31,106,34,4,41,38,13,26,1,0,0,0,3,4,360,21,2,1,1,6,2,0,5,5,999,1369,13,17797,0,0.17264111631057383,0.10206703712208721,0,0
56,6,18,19,3,23,8,5,13,0,3,1,3,48,33,176,101,0,1,0,1,4,2,1,1,199,249,23,5727,1,0.5237257625313713,0.48177925970615876,1,0
88,30,99,28,5,37,32,9,25,2,0,0,0,2,2,337,28,3,0,1,7,2,0,6,3,699,1149,21,24129,0,0.1801710342759777,0.14447271419526936,0,0
61,16,54,45,2,32,18,10,25,2,1,0,0,25,1,304,28,0,1,1,7,3,1,2,3,499,599,38,22762,0,0.28725643049098415,0.2935699112634107,0,0
64,36,118,37,4,36,23,7,32,2,2,1,2,13,5,353,17,3,0,1,5,4,1,4,3,699,1129,14,15806,1,0.3890801193280478,0.3405023673341019,0,0
72,53,109,36,4,50,42,13,30,3,2,1,1,1,0,289,4,4,0,1,4,4,1,5,4,999,1609,23,37007,0,0.19717719289204902,0.3013951172533891,0,0
50,5,13,29,1,12,6,5,16,0,1,0,1,29,21,68,29,1,0,1,2,4,1,4,3,399,569,3,1707,1,0.3512500230111885,0.3592944023320736,0,0
82,16,48,25,4,30,24,5,10,2,1,0,0,16,2,180,53,1,1,1,8,3,2,4,2,499,669,46,30774,1,0.2710504816996972,0.27441664283465095,0,0
43,4,11,28,1,20,8,5,1,0,4,1,2,51,38,34,135,0,3,0,4,4,3,0,1,399,449,50,22450,0,0.5120919221417278,0.5939178060363837,1,1
65,12,32,29,2,18,12,4,7,1,2,1,2,10,22,191,52,1,1,1,1,4,2,0,3,199,359,10,3590,0,0.3429411804006807,0.3788991339980981,0,0
47,15,28,15,3,27,16,8,19,3,1,0,1,15,14,158,5,0,1,1,8,2,2,1,4,399,479,39,18681,0,0.2789284158913944,0.2910306559881638,0,0
60,12,32,30,2,28,21,7,5,2,3,1,3,13,3,104,6,0,0,1,1,4,1,5,3,499,569,7,3983,0,0.35691918144787604,0.27833279948236306,0,0
75,49,105,37,5,50,29,12,30,4,0,0,0,14,1,278,14,4,1,1,10,3,1,4,3,999,1599,48,76752,0,0.26794023982948684,0.32476862929922423,0,0
62,3,7,7,3,21,14,3,7,0,2,1,2,37,33,49,90,0,3,1,4,4,3,0,2,199,229,12,2748,1,0.41716744836844755,0.4461051180568754,0,0
74,40,86,23,6,48,32,13,24,6,2,1,2,11,2,289,9,1,1,1,5,4,0,5,5,499,749,39,29211,0,0.34692673238377664,0.2850254543329044,0,0
49,14,42,30,2,18,9,4,22,0,0,0,0,27,5,273,41,0,0,1,6,3,0,2,5,399,439,36,15804,0,0.27558447667114677,0.3260824334332259,0,0
70,14,38,25,2,22,9,4,7,2,0,0,0,22,8,229,39,1,1,1,10,2,1,1,4,299,459,42,19278,0,0.226281223154907,0.26845688694669123,0,0
77,42,144,31,6,48,36,11,25,2,3,1,3,10,3,238,19,2,2,0,3,4,2,4,2,299,649,13,8437,1,0.3476578243723298,0.34895529973560985,0,0
42,6,18,26,2,22,6,7,6,1,0,0,0,14,19,71,29,1,1,0,2,4,0,4,3,399,589,20,11780,1,0.4248673398518452,0.3601330317538109,0,0
100,42,141,32,7,50,42,10,11,3,1,0,1,11,3,333,10,2,0,1,10,3,0,4,4,999,1339,39,52221,0,0.18856649193269293,0.16315936505944567,0,0
72,37,87,34,4,33,24,4,14,1,1,0,0,28,11,297,20,0,2,0,4,4,0,3,3,399,439,25,10975,0,0.2695780556339492,0.3309843711901459,0,0
44,2,6,14,1,16,6,6,8,0,2,1,2,15,17,90,54,0,2,0,1,4,4,0,1,399,459,10,4590,1,0.4941909573619398,0.5476522821162387,0,1
54,10,18,24,2,23,13,4,4,0,2,1,0,22,17,36,105,0,3,0,3,4,3,2,2,299,339,41,13899,1,0.5696437342035132,0.5228026959865469,1,1
84,46,90,27,5,50,38,10,20,2,0,0,0,1,0,267,18,2,0,0,7,3,0,6,5,499,839,27,22653,0,0.13018673509304127,0.22475411268896417,0,0
42,9,22,20,3,18,5,2,15,1,3,1,0,32,7,114,78,0,0,0,3,4,2,1,2,199,219,46,10074,1,0.4824141308587895,0.5699385053146353,0,1
76,44,153,55,4,47,38,12,36,3,2,1,0,9,3,307,17,3,1,1,9,3,0,7,4,699,1179,56,66024,0,0.2678804730104783,0.30656451976374793,0,0
70,14,45,31,2,22,15,5,28,0,0,0,0,21,14,234,5,1,1,1,10,1,2,5,3,499,669,55,36795,0,0.3149713617876262,0.2183558701348441,0,0
81,56,175,38,6,50,39,10,39,6,0,0,0,4,3,209,11,2,0,1,9,2,0,7,4,699,1039,44,45716,0,0.19120692404067602,0.20643897981491396,0,0
93,30,93,29,4,39,37,12,13,6,1,0,0,7,3,272,2,4,1,1,9,2,0,4,3,699,1299,39,50661,1,0.15124298409521192,0.17343046058417624,0,0
41,15,52,30,3,21,9,6,6,0,1,0,0,21,48,97,118,0,1,0,6,2,3,1,2,399,459,44,20196,0,0.5796550921834355,0.4146556368725344,1,0
74,14,30,25,2,28,25,6,11,3,0,0,0,18,10,132,52,1,1,1,8,4,2,4,2,299,479,49,23471,0,0.4051447962385774,0.3659430507100502,0,0
100,30,59,27,5,34,31,7,27,4,0,0,0,15,6,350,26,2,1,1,10,3,0,2,3,699,1009,55,55495,0,0.2949788321508708,0.21885406677130856,0,0
96,34,101,26,5,37,30,8,19,6,1,0,0,14,3,348,14,1,1,1,8,2,0,4,5,499,699,38,26562,0,0.14528359872678204,0.17242280739626095,0,0
62,0,5,14,0,8,6,6,3,0,5,1,4,54,36,22,127,0,3,0,1,4,3,2,3,299,359,26,9334,0,0.6548449319587416,0.5666544835102988,1,1
53,21,55,29,3,31,16,5,8,3,3,1,3,25,6,319,53,1,2,0,2,4,2,1,5,299,469,30,14070,0,0.4357122353221378,0.46861385932679267,0,0
54,24,50,29,3,39,24,10,8,1,1,0,0,12,5,175,41,1,1,0,6,4,1,3,3,499,719,32,23008,0,0.32504755937308755,0.38904669572266043,0,0
64,30,95,29,5,34,28,7,25,1,3,1,0,26,13,155,50,0,2,1,6,4,0,4,2,399,469,58,27202,1,0.30454679548942953,0.3581934099304416,0,0
57,24,59,29,3,33,22,6,8,2,3,1,3,15,14,294,9,1,0,1,8,3,2,3,2,299,479,46,22034,1,0.37366157431902525,0.33844418112828356,0,0
95,38,111,24,7,50,47,10,11,5,1,0,1,3,0,236,7,4,0,1,8,2,1,4,4,499,1079,32,34528,0,0.18481226701204992,0.143750234004757,0,0
23,5,16,27,1,20,6,6,3,0,4,1,2,35,46,35,142,0,2,0,1,4,1,0,1,199,259,36,9324,0,0.5201278452302471,0.5628629293047477,1,1
82,42,143,29,6,44,40,9,22,1,2,1,1,24,11,106,45,1,1,0,4,4,1,2,4,499,709,25,17725,0,0.36624342819481037,0.34347899440733315,0,0
65,35,119,29,5,39,33,9,9,2,1,0,1,24,12,251,47,2,2,1,8,3,0,1,2,499,829,52,43108,1,0.2726615524869709,0.2825526888686537,0,0
58,20,64,25,5,35,20,11,28,1,1,0,0,14,7,269,34,0,2,1,5,3,0,3,4,299,409,12,4908,0,0.22233158101895442,0.2448388539641655,0,0
77,58,145,34,7,50,36,11,13,4,1,0,0,17,6,219,18,3,0,1,10,1,1,4,4,699,1169,41,47929,0,0.21923164815661267,0.19354573591945173,0,0
73,33,76,20,7,41,30,7,28,0,1,0,0,10,3,304,23,0,2,1,6,4,0,4,4,299,369,13,4797,0,0.1997612977586032,0.24739525376973545,0,0
61,24,49,17,4,34,23,4,5,3,3,1,3,25,9,254,50,0,2,0,1,4,0,3,4,499,539,17,9163,1,0.3284542210582109,0.33562604704343985,0,0
52,9,19,21,2,18,7,6,8,0,0,0,0,19,4,65,30,1,1,1,10,1,0,4,4,399,579,51,29529,1,0.3145500457976762,0.2116282486967324,0,0
61,7,16,32,1,22,10,6,3,0,2,1,2,39,15,169,40,1,1,0,8,4,2,0,2,199,379,57,21603,0,0.4997776525163778,0.48121251658830233,0,0
54,3,10,28,1,15,8,5,3,0,2,1,2,22,49,136,155,0,3,0,1,4,1,1,2,399,449,25,11225,1,0.40971239997984504,0.43923497750202833,0,0
50,5,15,23,1,16,8,2,4,0,0,0,0,12,14,179,61,1,2,0,3,4,0,2,3,399,539,21,11319,1,0.5006006924437308,0.38179411587151635,1,0
66,48,119,37,6,48,26,7,13,2,1,0,0,16,5,300,21,0,2,1,6,3,0,1,4,399,469,20,9380,0,0.27818227561396475,0.23523768319132315,0,0
97,33,90,21,7,49,46,11,25,1,2,1,2,7,2,253,8,2,0,1,5,4,1,5,3,699,1049,18,18882,0,0.21351978351468953,0.18393673172561847,0,0
73,14,37,29,2,24,20,4,2,0,3,1,2,30,15,112,173,0,3,0,3,4,0,1,3,299,339,40,13560,0,0.5744868199555254,0.39872949672957947,1,0
61,36,71,23,6,43,19,4,6,3,2,1,2,17,2,117,32,2,2,0,7,3,1,2,4,399,679,43,29197,0,0.30133594188098145,0.3405945233820564,0,0
76,24,67,25,4,32,26,8,22,2,0,0,0,20,7,197,43,2,0,0,5,4,0,2,2,299,619,16,9904,0,0.1978180087647075,0.3279254772094611,0,0
66,27,88,32,6,35,19,5,26,1,0,0,0,33,2,215,43,2,2,1,9,2,1,4,3,399,689,32,22048,0,0.1882818249402648,0.2353972421929687,0,0
78,45,131,35,5,47,38,7,35,4,2,1,0,4,3,255,25,1,1,1,6,3,0,4,3,999,1189,13,15457,0,0.1907831969270529,0.20353028464321504,0,0
91,36,89,28,6,48,45,9,29,5,2,1,2,9,6,358,17,3,1,1,6,4,1,2,4,999,1449,33,47817,0,0.2684013662716027,0.2418254237632288,0,0
57,10,34,27,2,27,10,8,12,0,1,0,1,34,9,280,24,0,0,0,3,3,2,5,3,399,479,20,9580,1,0.32692521910145356,0.35499813394712415,0,0
39,8,22,21,2,23,4,8,5,1,3,1,2,49,17,167,64,1,2,1,3,4,2,3,1,199,399,42,16758,0,0.49393644850232366,0.519220777875277,0,1
23,0,5,20,0,11,3,1,3,0,3,1,2,63,38,54,52,0,1,1,1,4,1,2,3,299,309,17,5253,1,0.5888089269717933,0.521444201947064,1,1
85,43,102,33,7,50,37,14,40,7,0,0,0,3,4,262,7,1,0,1,10,2,0,7,4,999,1259,46,57914,0,0.30184271224567627,0.16193027439638435,0,0
48,24,56,24,6,46,26,11,12,3,1,0,1,29,8,261,44,0,1,1,6,3,1,5,3,499,609,17,10353,0,0.29000413965578153,0.25592978430296626,0,0
85,40,106,39,4,45,42,13,28,1,0,0,0,13,0,238,2,4,0,1,10,2,0,7,5,999,1609,47,75623,0,0.242574138237735,0.18974786555744974,0,0
72,30,104,34,6,44,21,8,26,3,0,0,0,6,2,219,16,1,2,0,4,3,1,5,4,299,499,28,13972,0,0.2421295020108144,0.25311784711181795,0,0
45,3,5,13,3,23,12,6,7,0,1,0,1,61,47,73,136,0,1,0,3,4,2,2,2,399,459,12,5508,1,0.47573822981656005,0.4961040659091354,0,0
82,24,55,29,4,36,33,7,16,1,1,0,0,34,7,197,56,2,2,0,3,4,0,2,2,299,609,19,11571,1,0.21721087239514403,0.29196911624871136,0,0
93,25,52,27,5,38,36,14,11,1,2,1,1,6,6,260,0,3,0,1,10,3,0,6,4,999,1499,44,65956,0,0.3168429919367837,0.193065062721854,0,0
86,25,72,34,3,41,37,14,11,3,2,1,2,6,5,308,22,1,1,1,3,4,0,5,5,999,1259,12,15108,0,0.32715196840929567,0.1774384873821439,0,0
20,2,5,11,2,9,1,1,7,0,5,1,5,46,29,67,71,0,2,1,1,4,3,2,3,399,409,33,13497,0,0.618112993364967,0.5607301138291599,1,1
70,24,72,36,3,32,21,11,18,3,2,1,2,19,8,101,7,2,0,1,7,4,0,2,3,399,749,45,33705,0,0.3949760653224201,0.3324629428831252,0,0
51,3,5,20,1,10,4,3,8,0,5,1,5,48,30,26,169,0,1,0,3,4,3,1,3,399,429,36,15444,1,0.532967443160418,0.5975760357294824,1,1
100,40,127,33,7,50,47,8,24,6,0,0,0,12,1,263,18,1,1,1,10,1,0,6,5,999,1199,27,32373,0,0.15960611239386585,0.08659727565740422,0,0
85,33,84,31,7,50,44,13,26,1,1,0,1,9,7,347,23,3,1,0,2,4,0,3,5,999,1489,17,25313,0,0.17384143514266834,0.16782369992390792,0,0
70,36,98,35,6,45,33,4,29,1,0,0,0,9,1,217,35,2,2,1,10,1,0,5,4,399,679,42,28518,0,0.15986697173009087,0.14141900905645113,0,0
50,12,26,16,3,28,10,7,16,1,2,1,1,39,10,134,16,0,2,1,7,4,0,2,4,399,469,38,17822,1,0.2953106028546898,0.38808016877886403,0,0
59,32,91,27,4,34,20,7,22,0,3,1,1,9,4,262,41,0,2,1,6,3,1,5,5,399,469,30,14070,0,0.2600477515811027,0.3317806466931321,0,0
78,12,28,19,2,24,17,6,24,0,0,0,0,30,1,131,41,0,0,1,10,3,2,5,3,399,459,30,13770,1,0.34333395987765986,0.3229932101605652,0,0
93,39,127,40,6,50,47,11,26,1,0,0,0,19,4,183,13,1,1,1,7,4,1,3,4,699,929,13,12077,1,0.24115603689085233,0.19181001276438414,0,0
53,21,43,27,3,23,17,5,25,1,0,0,0,19,11,316,38,0,2,0,6,4,1,5,3,499,549,21,11529,0,0.4246814789696702,0.40965725548917076,0,0
63,43,122,39,4,50,33,13,29,5,2,1,2,4,2,330,13,3,0,1,5,4,1,2,5,699,1189,32,38048,0,0.3788365983815361,0.36099953126614165,0,0
87,18,51,31,2,28,25,7,20,3,0,0,0,11,5,119,42,0,0,0,8,4,2,5,5,399,469,49,22981,1,0.2947060207213206,0.37208771527264206,0,0
93,44,127,37,7,50,43,11,11,2,2,1,2,5,0,227,2,3,1,1,8,3,0,4,3,699,1169,45,52605,0,0.23550721753382348,0.17760541769245464,0,0
55,12,29,26,2,28,14,7,20,1,2,1,0,22,7,192,55,1,0,1,2,4,1,5,4,399,589,20,11780,1,0.3607404252902291,0.4014027926045321,0,0
83,48,108,27,6,47,42,8,41,7,0,0,0,2,3,225,6,1,0,1,8,2,1,7,4,999,1199,42,50358,1,0.21055326484905554,0.189805073810129,0,0
88,57,120,37,4,50,42,10,23,3,2,1,1,3,3,225,12,3,1,1,4,4,1,7,3,999,1459,18,26262,0,0.15823419278344678,0.252574847491133,0,0
81,30,54,29,5,36,34,8,16,1,1,0,1,14,12,177,32,1,0,0,4,4,2,5,2,399,599,29,17371,0,0.24294060515829805,0.3076029092781216,0,0
33,6,12,14,3,14,3,1,5,0,4,1,2,25,27,63,106,0,2,0,3,4,1,2,3,399,409,32,13088,1,0.4496469584156648,0.5201037973190196,0,1
92,42,104,33,5,44,31,10,11,6,2,1,1,6,1,276,2,2,0,1,6,4,1,7,5,699,1039,21,21819,0,0.3047988861712659,0.26508677514863443,0,0
53,21,43,19,3,35,17,9,27,1,2,1,0,27,13,189,9,0,0,1,2,4,1,4,3,499,589,16,9424,0,0.30129638126939284,0.38379472839212,0,0
47,18,40,30,3,23,15,4,3,1,0,0,0,12,23,125,24,0,2,1,10,1,1,3,4,199,239,48,11472,0,0.3194644335973854,0.1985142943858333,0,0
60,21,45,28,3,35,23,8,9,0,2,1,0,32,17,116,75,1,1,0,3,4,0,3,2,299,499,36,17964,0,0.34296573328862917,0.39948936280070535,0,0
84,20,41,24,5,29,21,5,10,0,0,0,0,32,13,197,37,0,1,1,5,4,1,4,3,499,549,10,5490,0,0.2865563406349903,0.24877672936147532,0,0
100,51,113,30,5,50,47,14,28,5,1,0,1,14,4,182,2,3,0,1,6,3,0,7,5,499,999,20,19980,0,0.20891065027541822,0.17184951441347254,0,0
94,15,38,29,3,29,27,7,15,2,3,1,2,21,4,294,37,0,1,0,6,4,0,1,5,399,469,45,21105,0,0.3544506546125806,0.28838336351348115,0,0
36,12,37,36,2,19,8,3,16,0,0,0,0,28,20,83,84,0,0,0,2,4,2,3,2,399,429,8,3432,0,0.4406462788244493,0.49497470953319855,0,0
49,14,46,32,2,29,17,11,8,1,1,0,1,19,8,228,15,2,0,1,9,3,1,4,4,299,649,53,34397,0,0.3142100463719856,0.3393148312782555,0,0
79,44,98,28,5,50,44,14,10,1,2,1,2,0,4,268,12,1,1,0,5,4,1,3,3,999,1259,37,46583,0,0.2672336292985882,0.29075947896997595,0,0
75,30,63,25,4,42,34,12,22,2,2,1,2,2,0,196,24,4,1,1,4,4,1,5,5,699,1299,18,23382,0,0.19387520448572418,0.2640656461147134,0,0
83,14,28,21,2,19,11,5,24,3,3,1,1,34,11,289,48,0,2,1,7,4,1,1,5,299,349,56,19544,0,0.3455261742111437,0.40765309744878475,0,0
83,24,55,18,4,30,25,5,21,2,3,1,3,15,3,111,36,2,0,1,4,4,0,5,3,499,789,30,23670,1,0.30153750833777987,0.2762871974978481,0,0
83,15,52,33,3,24,18,7,6,1,0,0,0,15,2,208,42,1,0,1,9,1,1,2,4,299,489,28,13692,0,0.3213583755055884,0.16258376384341938,0,0
92,28,91,33,4,38,36,7,23,3,0,0,0,3,0,343,3,2,0,1,7,3,0,3,5,699,1009,27,27243,0,0.1998793895932336,0.17063653063810086,0,0
69,45,93,27,5,50,41,11,21,2,2,1,0,11,4,247,12,3,1,1,3,4,1,7,5,999,1469,12,17628,1,0.22206923513666288,0.25790592577829186,0,0
93,31,91,40,3,29,25,6,19,0,2,1,1,28,2,243,17,0,1,1,9,2,1,2,3,299,359,53,19027,0,0.2901008965522155,0.21809340156636617,0,0
54,33,87,27,5,45,26,10,27,0,0,0,0,22,1,318,5,2,2,1,4,3,0,1,5,399,739,22,16258,1,0.23186898356592991,0.2466910775575392,0,0
81,12,31,29,3,25,19,10,22,2,1,0,0,34,5,170,40,2,1,0,4,4,2,3,4,399,739,24,17736,1,0.41346130742250975,0.3832989559157348,0,0
82,35,115,39,5,40,29,7,15,0,0,0,0,12,6,183,22,1,1,0,3,4,0,2,5,499,689,11,7579,0,0.2403451656251853,0.24344395514155592,0,0
50,9,21,24,3,24,13,3,6,0,5,1,5,50,19,102,67,0,3,0,2,4,1,0,1,199,229,56,12824,0,0.5587048687977775,0.40677035234686443,1,0
57,16,52,20,4,28,20,8,18,1,3,1,2,12,1,277,59,2,2,1,6,4,0,3,3,399,719,40,28760,0,0.39924748085518674,0.36641737312470707,0,0
71,48,119,24,6,50,39,14,10,3,0,0,0,0,2,327,18,2,0,1,9,1,0,4,5,699,1079,28,30212,0,0.12720489671527077,0.14209612941774882,0,0
94,43,82,36,4,50,47,13,21,2,2,1,0,7,4,203,0,3,0,1,10,3,0,4,4,699,1189,57,67773,0,0.18836451118263736,0.24256317221361628,0,0
90,18,43,26,2,25,22,4,7,1,1,0,1,30,4,131,40,1,2,0,7,2,1,2,3,299,459,45,20655,0,0.2636540869763555,0.23266651312136213,0,0
81,44,90,31,4,50,35,14,13,3,0,0,0,6,1,297,0,2,0,1,10,1,1,6,4,699,1079,59,63661,0,0.17534764577734505,0.18444468463971098,0,0
61,16,49,34,2,25,15,5,6,0,2,1,0,19,4,262,35,1,1,1,7,3,0,4,2,299,469,39,18291,0,0.23096808709128835,0.3065919925499417,0,0
26,6,14,17,3,17,3,4,5,0,1,0,0,43,30,75,120,0,3,0,1,4,1,2,3,299,339,15,5085,1,0.5394984628463098,0.5236378547765113,1,1
81,33,88,35,4,37,35,7,21,0,3,1,2,17,4,250,45,0,1,0,1,4,0,5,3,399,469,10,4690,0,0.256358247612088,0.28268863371910274,0,0
21,2,6,17,2,17,0,1,5,0,4,1,4,53,42,106,80,0,3,0,1,4,3,1,2,299,309,11,3399,0,0.6094916603540347,0.5942072769582641,1,1
68,14,27,20,2,27,17,5,16,2,1,0,1,19,12,238,41,0,2,0,8,4,0,3,4,399,449,42,18858,1,0.2874518555556293,0.3564480553693711,0,0
68,14,31,24,2,23,15,9,25,2,2,1,1,7,8,248,25,2,1,0,4,4,0,4,5,399,729,53,38637,0,0.3275272324724972,0.40295218102996316,0,0
43,6,20,38,1,21,5,7,12,1,2,1,0,41,18,180,19,1,2,1,8,4,2,3,3,299,489,40,19560,1,0.4037649265005455,0.49786609543404414,0,0
47,3,10,18,1,10,3,2,6,0,4,1,2,68,15,138,61,0,1,0,2,4,2,2,1,199,219,34,7446,1,0.5842414386879491,0.5831603275263352,1,1
84,44,139,33,5,50,44,9,28,1,0,0,0,12,3,230,19,1,1,1,10,2,1,6,5,999,1209,59,71331,0,0.2108257072801914,0.21205882446012897,0,0
93,32,109,35,4,42,39,11,31,3,2,1,1,3,1,301,6,2,1,1,3,4,1,4,5,999,1349,19,25631,0,0.23131246766205601,0.21885118212908677,0,0
57,10,33,35,2,24,10,7,25,0,1,0,0,12,14,210,10,0,2,0,4,4,1,4,4,299,369,33,12177,1,0.31426303476761175,0.3677287860935983,0,0
53,5,10,28,1,18,9,5,8,0,6,1,4,45,28,46,132,0,1,0,1,4,2,0,3,199,249,53,13197,0,0.5210620321385279,0.5220221054251081,1,1
77,16,43,24,4,28,23,6,8,0,0,0,0,12,13,203,56,1,1,1,6,2,1,1,4,399,579,12,6948,0,0.3146976119909519,0.1787523669089966,0,0
27,3,6,21,1,7,1,2,6,0,1,0,1,50,36,94,133,0,3,0,7,3,1,1,1,299,319,46,14674,1,0.4764877330207752,0.5142025405807152,0,1
67,14,29,22,2,28,16,7,23,3,0,0,0,6,4,250,9,1,1,1,7,2,1,1,5,399,589,22,12958,0,0.29238082884247624,0.22544447336675924,0,0
76,30,75,24,6,37,25,8,11,3,0,0,0,33,13,136,23,1,2,0,2,4,2,2,4,499,699,5,3495,0,0.2642741021844555,0.3187213682449002,0,0
40,10,31,29,2,22,9,5,14,1,3,1,1,21,15,144,55,0,2,0,2,4,2,4,2,399,449,38,17062,0,0.4610226715314541,0.5051027273165404,0,1
54,3,10,19,1,18,8,7,10,0,2,1,1,34,17,165,23,0,2,1,8,4,1,3,4,299,369,55,20295,0,0.4130074743838079,0.4253981950723492,0,0
65,15,39,28,3,22,14,4,6,1,1,0,1,16,11,135,27,0,1,0,9,2,0,4,2,199,239,55,13145,0,0.25421013610883464,0.22431646629407645,0,0
82,20,39,12,5,28,21,5,29,2,2,1,0,20,14,238,54,1,0,0,6,3,1,1,4,299,469,31,14539,0,0.3059722310516353,0.34202194676288045,0,0
91,62,162,52,4,50,42,7,30,2,0,0,0,5,0,305,10,1,0,1,8,2,0,2,3,999,1189,13,15457,0,0.29059637875584193,0.13637754488008014,0,0
64,35,65,20,5,41,26,10,13,1,1,0,0,16,7,138,33,0,0,0,2,4,2,4,2,499,599,5,2995,0,0.2519385927390243,0.3670558907338493,0,0
63,51,120,37,6,50,27,12,16,3,0,0,0,3,5,240,9,2,1,1,9,1,0,2,3,699,1059,46,48714,0,0.20401604573899157,0.1721128268977845,0,0
58,36,86,23,6,45,19,4,27,0,1,0,1,12,3,224,12,1,0,0,8,3,1,3,3,499,659,54,35586,1,0.2770335637069755,0.32966372912162584,0,0
33,6,18,27,2,24,8,8,13,0,3,1,1,43,8,62,84,1,1,0,1,4,0,2,2,299,499,22,10978,0,0.4198747129254546,0.4900241704194538,0,0
88,30,81,23,6,50,43,12,23,3,1,0,0,10,2,282,3,2,1,1,6,2,0,4,4,499,859,34,29206,0,0.1296517921683971,0.13094310832123934,0,0
90,37,126,29,7,50,42,8,17,2,0,0,0,11,2,312,11,3,1,1,9,3,1,4,3,999,1439,16,23024,1,0.1461072416335383,0.15170593424077133,0,0
66,30,67,20,5,38,26,10,7,2,3,1,1,10,2,304,53,1,0,1,3,4,1,1,4,299,519,25,12975,0,0.3541421592334571,0.36320436664916134,0,0
81,42,107,27,7,50,38,13,23,5,0,0,0,14,3,333,17,1,1,0,3,4,1,4,4,499,749,20,14980,0,0.25494005449563245,0.2807366295604338,0,0
56,12,36,36,2,26,17,6,15,0,1,0,1,15,21,192,57,0,0,1,3,4,1,1,4,399,459,22,10098,1,0.3920670857857233,0.3227896650427367,0,0
67,35,81,28,5,40,36,4,26,3,1,0,0,22,8,147,20,1,0,0,2,4,2,5,4,399,559,4,2236,1,0.3142118946464108,0.35695582513123664,0,0
91,42,83,37,3,37,31,8,32,1,1,0,0,17,2,314,11,2,0,1,4,4,0,4,4,699,1019,10,10190,1,0.2653032321403522,0.2347458304344054,0,0
71,45,111,36,6,49,39,9,12,3,1,0,0,10,0,226,24,2,1,1,9,2,0,2,5,999,1329,38,50502,0,0.1752126049238012,0.17687671071919928,0,0
67,51,170,43,5,50,38,10,25,3,2,1,2,9,0,220,17,3,1,1,8,4,1,4,4,499,959,42,40278,0,0.3408176992117661,0.38048691000328516,0,0
67,55,167,36,6,50,35,12,24,3,2,1,1,0,0,271,9,1,1,0,6,4,1,6,5,699,939,58,54462,0,0.3704706796958181,0.42755018333276296,0,0
66,40,132,38,5,42,33,4,22,1,1,0,0,28,11,194,43,2,2,0,8,2,2,2,2,299,579,57,33003,1,0.34293309683841566,0.3237867030139279,0,0
73,48,111,33,6,50,43,10,28,1,0,0,0,28,8,149,50,2,0,1,7,2,0,3,2,299,639,42,26838,0,0.18918626066626298,0.1989413325709528,0,0
66,48,166,42,5,49,33,10,12,6,2,1,0,4,3,267,11,3,1,1,6,4,1,7,4,999,1459,51,74409,1,0.3528336554817585,0.4150762074693115,0,0
54,16,39,20,4,35,17,11,19,1,3,1,2,22,10,307,49,1,1,1,3,4,2,2,3,299,529,23,12167,1,0.3794678584393469,0.41008929571030905,0,0
46,28,83,29,4,31,18,6,5,0,2,1,1,12,11,76,53,1,0,0,1,4,1,3,1,399,579,10,5790,0,0.4205101375114355,0.42250950844151847,0,0
92,22,61,35,2,24,19,5,19,0,2,1,1,34,12,176,12,0,2,0,3,4,2,5,5,299,349,17,5933,0,0.29990360899480545,0.3719844080838354,0,0
26,9,16,19,3,21,2,2,0,0,4,1,2,38,18,95,132,0,1,0,1,4,1,1,3,399,419,45,18855,1,0.5526330368695024,0.5594208188382583,1,1
78,10,25,31,2,30,22,11,19,1,2,1,2,28,11,130,12,2,1,1,2,4,1,2,3,399,749,5,3745,1,0.3987692711372115,0.26324373485021507,0,0
90,25,72,30,3,33,24,7,16,5,1,0,1,12,1,235,6,4,1,1,10,1,1,5,5,999,1549,56,86744,0,0.3411157636795803,0.19933243614936466,0,0
55,20,49,23,5,34,17,9,23,3,3,1,2,25,10,168,45,1,2,0,2,4,0,1,2,499,709,47,33323,0,0.34530191672426114,0.3854848025453493,0,0
92,47,96,30,4,46,43,13,14,5,2,1,0,2,1,232,15,3,1,1,10,4,0,5,5,699,1189,56,66584,0,0.2261224106277646,0.3428113179216502,0,0
73,33,104,25,5,43,28,11,35,3,1,0,0,19,2,236,14,3,0,1,6,2,1,6,4,699,1169,22,25718,0,0.22666013042956518,0.21001964016470917,0,0
88,47,139,28,6,46,34,8,15,4,1,0,1,3,3,228,12,1,0,1,2,4,0,3,4,699,899,7,6293,0,0.262876973622444,0.19804671418601513,0,0
70,34,90,24,5,43,35,12,41,5,1,0,0,11,3,195,5,2,0,1,10,1,0,3,5,699,1059,53,56127,1,0.16997072390309106,0.1898539223923251,0,0
53,21,59,29,3,31,17,4,17,2,2,1,2,21,8,194,34,2,2,1,6,4,2,5,4,399,679,46,31234,0,0.400288843089136,0.4384019406371045,0,0
64,35,87,33,5,39,27,6,11,3,2,1,1,8,13,131,53,0,2,1,7,3,2,5,4,399,459,49,22491,0,0.2763556963732027,0.3120683293580041,0,0
98,16,33,30,3,26,24,10,17,0,2,1,2,7,1,192,9,2,2,1,5,4,1,5,3,299,639,11,7029,1,0.3552108221699428,0.22897609172479316,0,0
64,27,52,17,6,43,26,7,10,0,0,0,0,14,6,277,54,1,0,1,6,2,1,5,4,299,489,35,17115,1,0.23701996337410391,0.20277461736734614,0,0
90,42,99,25,7,50,42,12,30,6,0,0,0,8,1,282,11,3,1,1,9,1,1,6,4,499,979,17,16643,1,0.21668145026209562,0.12172407244518213,0,0
43,12,35,34,2,20,10,3,0,0,0,0,0,46,40,64,137,0,1,0,3,4,2,1,3,399,429,36,15444,1,0.5545455249494889,0.5140118182420189,1,1
91,39,128,33,5,41,36,9,19,3,2,1,0,8,4,352,9,1,1,1,9,3,1,4,4,999,1209,52,62868,0,0.3117170720300218,0.2755798862572034,0,0
36,2,5,18,2,15,5,5,0,0,5,1,4,54,25,31,179,0,2,0,1,4,2,1,3,199,249,27,6723,1,0.5432667807060945,0.5964481480737687,1,1
73,52,121,40,5,50,30,13,39,1,0,0,0,12,1,263,5,4,1,0,7,3,1,3,3,699,1309,36,47124,0,0.28266751384183675,0.3226285982188681,0,0
54,15,40,26,3,29,14,8,9,1,1,0,1,15,19,181,81,1,1,0,4,3,1,1,3,199,399,24,9576,1,0.40789938923175,0.3487305189062567,0,0
61,30,98,48,3,32,15,9,28,2,2,1,0,28,10,261,43,1,1,1,4,4,0,1,5,299,509,25,12725,1,0.3009982003815338,0.39281763416544485,0,0
46,30,84,33,6,45,23,8,23,3,3,1,0,6,8,104,18,0,0,1,2,4,1,5,4,399,479,35,16765,1,0.38358968199243987,0.3479068355703355,0,0
63,16,51,22,3,30,20,5,16,0,0,0,0,39,14,207,66,0,2,0,8,3,1,1,2,399,449,56,25144,0,0.30463550681972584,0.3583454803867971,0,0
54,12,22,30,2,19,7,4,13,1,0,0,0,40,5,123,17,0,0,0,7,3,2,0,2,299,339,56,18984,0,0.38173362171468633,0.4122572264042175,0,0
63,30,64,29,3,34,22,11,35,1,0,0,0,16,2,309,13,3,0,1,10,2,0,2,3,999,1469,49,71981,0,0.2787457187822239,0.27626313713714007,0,0
79,48,105,31,6,50,44,11,10,1,3,1,0,9,10,277,51,0,2,1,4,4,0,2,3,299,409,17,6953,0,0.3215188264208647,0.27013125348131184,0,0
30,20,68,36,4,33,12,4,9,1,0,0,0,28,12,51,53,1,2,1,8,3,2,0,4,399,559,34,19006,0,0.4034580533009728,0.3911089904730777,0,0
76,28,75,29,7,45,42,8,25,0,0,0,0,13,9,273,14,2,0,1,7,3,1,3,5,399,719,13,9347,0,0.23151802230137875,0.17359349663526455,0,0
83,16,55,27,4,34,22,9,5,1,1,0,0,28,14,131,22,2,2,0,7,4,0,2,3,399,729,36,26244,1,0.3186644073782837,0.29032174454273457,0,0
73,15,29,21,3,25,16,4,18,2,3,1,3,30,4,174,48,0,2,0,7,3,1,2,4,299,339,59,20001,0,0.31150598015843833,0.3345787544147475,0,0
83,18,58,28,3,28,17,9,15,1,2,1,0,12,3,251,24,0,2,0,9,2,1,4,4,399,489,48,23472,1,0.2224290069847242,0.26448105103164254,0,0
73,35,83,34,5,36,24,4,18,0,1,0,1,20,13,161,45,0,0,1,6,2,1,2,5,399,439,13,5707,0,0.2145728217143369,0.19536954935736087,0,0
42,4,9,12,2,16,6,2,3,0,2,1,0,41,33,80,89,0,1,0,2,4,1,0,1,399,419,18,7542,0,0.5010508666838622,0.516938362200233,1,1
20,12,39,20,3,23,5,6,5,0,4,1,2,40,16,131,40,0,2,0,1,4,2,1,2,399,459,41,18819,1,0.5166973629668552,0.5700148687215547,1,1
65,12,30,18,3,21,15,6,4,0,5,1,4,49,28,175,106,0,2,0,1,4,4,0,1,399,459,14,6426,0,0.5317493417596122,0.5266045164944262,1,1
27,4,10,14,2,17,5,2,4,0,2,1,2,24,25,52,63,0,2,0,1,4,2,2,3,299,319,3,957,1,0.4722596311990839,0.5250252627760235,0,1
68,8,24,22,2,13,8,3,12,0,3,1,3,55,20,179,43,0,2,0,4,4,1,1,3,199,229,53,12137,0,0.46925702104157324,0.430827153151213,0,0
76,40,106,35,5,44,38,8,14,2,3,1,1,12,10,306,44,0,1,0,7,4,2,4,5,299,379,59,22361,0,0.4240774716699855,0.39879097138088976,0,0
73,24,77,30,4,38,26,8,20,0,1,0,1,32,9,147,20,1,1,0,10,1,2,5,4,299,499,58,28942,1,0.32490612321983386,0.22397664121212008,0,0
81,12,34,16,3,27,17,8,17,2,2,1,1,24,5,206,33,1,0,0,5,4,0,2,5,499,699,50,34950,1,0.363116288018187,0.3695821696865287,0,0
45,32,87,29,4,34,18,5,25,2,3,1,3,14,4,121,57,0,1,0,1,4,1,1,4,299,349,26,9074,1,0.3653655959650544,0.45397917302999213,0,0
87,52,159,44,6,50,46,10,30,2,1,0,0,2,7,211,18,1,0,1,10,2,1,3,4,999,1219,43,52417,0,0.1711781533323375,0.18035490511037017,0,0
74,31,66,32,4,40,28,12,24,5,2,1,2,0,7,278,14,1,1,1,5,4,1,5,5,999,1239,21,26019,0,0.3096832662309961,0.2580085524590942,0,0
49,24,55,23,4,33,19,6,14,2,1,0,0,26,11,318,49,1,1,1,7,3,0,3,3,499,679,52,35308,0,0.2214089352718832,0.32645075096674253,0,0
54,32,100,33,4,42,16,10,6,1,0,0,0,10,3,241,43,0,1,1,10,3,2,5,3,399,499,58,28942,0,0.31803407117915045,0.3566401470965983,0,0
45,28,70,22,4,31,14,7,4,0,3,1,3,31,14,52,27,1,2,1,7,4,0,2,1,199,389,43,16727,1,0.4695543182858567,0.39314953180875384,0,0
60,24,51,25,4,34,19,3,10,1,0,0,0,47,9,216,56,1,2,0,2,4,0,3,1,199,349,17,5933,1,0.4373236485955337,0.37075843188291996,0,0
47,21,43,27,3,35,17,11,22,1,3,1,2,7,10,292,16,2,0,1,6,4,0,3,4,499,849,57,48393,1,0.3787491597087357,0.3975823269539389,0,0
63,1,5,14,1,10,4,2,2,0,4,1,4,25,33,50,130,0,3,1,4,4,3,1,1,399,419,42,17598,0,0.5062444974581733,0.47602607438368866,1,0
89,32,65,21,6,46,31,10,42,3,2,1,2,12,4,196,5,1,1,1,7,3,0,5,3,699,919,53,48707,1,0.20476889391804942,0.2051996326535098,0,0
54,23,72,38,3,24,16,2,6,0,2,1,2,54,8,84,98,0,1,0,7,4,3,2,2,299,319,55,17545,1,0.5806071876623666,0.5637546919225733,1,1
37,16,52,27,4,28,6,3,1,0,6,1,5,57,33,124,136,0,1,0,1,4,4,0,3,199,229,37,8473,1,0.6211158758083212,0.6164229464866906,1,1
64,3,7,7,3,13,5,3,6,0,4,1,0,75,29,60,82,0,3,0,7,4,3,0,3,399,429,56,24024,1,0.5286207446537798,0.6082920643655707,1,1
56,6,16,13,2,22,14,6,4,0,4,1,3,87,46,135,134,0,3,1,1,4,3,2,3,299,359,6,2154,1,0.5462061841735204,0.5312453137932448,1,1
100,53,154,46,4,50,47,14,35,1,0,0,0,9,2,255,3,4,0,1,8,2,1,5,4,999,1619,30,48570,0,0.1445915073090965,0.1616808622548594,0,0
66,12,38,19,3,24,16,4,10,3,2,1,2,24,11,159,27,1,2,1,4,4,0,2,3,399,559,13,7267,0,0.3431247142849693,0.3058750770577108,0,0
99,45,113,35,5,50,47,11,20,2,0,0,0,9,3,356,19,4,0,1,10,1,1,6,4,499,1089,41,44649,0,0.15671290139862132,0.140388642439416,0,0
55,18,60,29,3,30,14,8,27,1,1,0,0,9,5,260,31,0,1,0,9,1,2,3,4,499,579,53,30687,0,0.32194173803415743,0.2801051892341092,0,0
75,41,122,29,7,50,38,13,29,1,2,1,0,1,0,224,13,3,0,1,9,4,1,5,5,699,1189,48,57072,0,0.2628411519069999,0.345971833627325,0,0
80,59,129,50,3,50,42,7,32,1,0,0,0,5,6,275,21,4,1,1,5,4,0,2,5,999,1549,13,20137,0,0.235142561402027,0.22219118864885104,0,0
48,10,32,23,2,27,9,8,7,3,3,1,3,12,3,210,51,0,2,0,2,4,1,4,2,299,379,17,6443,0,0.36949750083693933,0.4292031442570712,0,0
51,24,64,34,3,38,24,9,19,2,0,0,0,14,6,249,19,2,2,1,10,3,1,3,2,399,729,49,35721,1,0.1983513229319147,0.3251421713853283,0,0
62,4,13,21,1,10,7,3,12,0,3,1,1,47,22,86,103,0,2,0,1,4,2,2,3,199,229,10,2290,0,0.46353801085088236,0.5408220434073479,0,1
44,21,39,25,3,23,14,3,9,1,3,1,2,24,13,216,74,0,2,0,1,4,1,2,1,199,229,15,3435,1,0.4097114131980298,0.4790196879325911,0,0
88,53,157,40,6,50,47,10,11,0,3,1,2,26,11,238,25,0,0,0,7,4,0,2,4,399,499,52,25948,1,0.46096971592630115,0.2984098981543686,0,0
61,15,37,17,3,23,14,7,15,0,0,0,0,49,5,210,45,0,2,1,3,4,2,4,3,199,269,8,2152,0,0.40959682363399563,0.42718003798440196,0,0
56,24,83,37,4,34,17,8,5,1,0,0,0,12,10,187,86,1,2,0,9,3,1,4,4,299,499,44,21956,0,0.31053714882300865,0.3560456308283212,0,0
42,8,26,29,2,16,7,2,4,0,1,0,1,85,31,123,68,0,2,0,4,4,3,0,2,299,319,36,11484,1,0.5180864069913234,0.5721136253000614,1,1
66,24,47,26,3,31,19,6,28,3,1,0,0,13,2,252,58,1,2,1,6,4,1,1,3,299,479,21,10059,0,0.36582728682938476,0.379080579922312,0,0
63,42,99,34,6,44,30,9,6,1,0,0,0,9,12,101,6,0,2,0,9,2,2,4,3,299,389,53,20617,1,0.3240257966493955,0.24311063099303745,0,0
90,55,180,63,4,50,47,14,10,7,1,0,1,8,2,284,14,2,1,1,10,1,1,6,4,499,879,51,44829,0,0.20757345859346923,0.15868874993987067,0,0
74,20,64,32,4,38,19,11,16,3,2,1,0,24,10,303,24,2,2,0,8,3,0,1,2,499,849,53,44997,1,0.2927587263113244,0.32782381418024764,0,0
100,43,110,38,5,47,44,14,43,6,0,0,0,7,0,305,16,1,1,1,7,4,0,7,5,699,959,14,13426,1,0.2479294517421652,0.19489208671403357,0,0
60,8,18,24,2,22,10,4,0,0,2,1,1,55,14,141,104,0,3,0,5,4,1,1,3,399,439,33,14487,1,0.5819357121017362,0.47383368570205414,1,0
49,24,48,23,3,33,16,8,8,2,0,0,0,24,11,232,45,2,0,1,8,2,0,1,5,299,619,51,31569,0,0.21079233812907303,0.28887771245497956,0,0
34,0,5,23,0,8,1,2,9,0,2,1,2,32,13,42,134,0,3,0,2,4,3,1,1,199,219,14,3066,0,0.650550956400924,0.6369831193360718,1,1
82,49,116,39,4,50,40,14,42,3,2,1,2,2,0,363,9,3,1,1,10,2,1,6,4,999,1499,48,71952,0,0.3582296865845191,0.24714723492938387,0,0
95,21,70,43,2,30,28,7,5,3,1,0,0,5,7,287,37,2,0,1,6,4,1,3,3,499,809,24,19416,1,0.41373987457636563,0.2558189541164069,0,0
77,28,82,27,4,38,26,11,8,0,2,1,1,34,8,101,43,0,1,1,10,4,1,2,4,499,609,48,29232,0,0.3382448147730757,0.3631050273949449,0,0
74,43,150,37,5,50,42,14,38,1,0,0,0,12,0,236,17,1,0,1,10,1,1,3,4,699,959,59,56581,0,0.2263921206555202,0.1934973038716155,0,0
37,20,46,20,4,31,10,3,7,1,1,0,0,40,24,182,50,1,2,0,4,4,0,2,3,299,449,48,21552,1,0.3803542251025437,0.4460722421424163,0,0
96,57,158,37,7,50,44,13,43,4,2,1,1,13,2,274,4,3,1,1,9,2,1,4,5,699,1189,58,68962,1,0.31192996644294035,0.24244417242623637,0,0
84,40,115,34,5,46,33,8,26,1,2,1,2,23,1,155,50,0,1,0,3,4,2,4,2,499,579,23,13317,0,0.33011284568945454,0.35299655535436075,0,0
99,38,87,22,5,50,47,13,30,4,0,0,0,4,0,226,7,2,1,1,8,3,1,5,4,999,1369,11,15059,1,0.21481788677527167,0.14350204507611397,0,0
40,10,32,24,2,23,11,6,11,0,0,0,0,10,14,120,57,1,2,0,3,4,2,3,1,199,379,33,12507,0,0.48760229021705803,0.47362183409246833,0,0
22,6,18,21,2,17,7,4,8,0,4,1,4,80,29,145,44,0,2,1,1,4,2,0,3,199,239,4,956,0,0.4924042389459352,0.5466974680447418,0,1
57,40,106,31,5,41,21,5,11,0,3,1,1,33,12,277,45,1,1,1,3,4,0,5,3,399,569,31,17639,0,0.3456973654496828,0.36779201080071716,0,0
64,16,44,27,4,24,16,5,6,0,3,1,3,58,26,37,118,0,1,0,5,4,3,2,3,199,249,38,9462,1,0.6043385729125605,0.5119109466183324,1,1
48,5,14,20,1,17,6,8,7,0,3,1,1,32,11,99,66,1,2,1,1,4,2,1,2,399,599,10,5990,1,0.4340892532084732,0.4724133625541872,0,0
59,42,119,34,6,46,30,10,13,1,1,0,0,5,8,271,44,1,2,0,6,3,0,3,5,299,519,24,12456,0,0.32136041298274,0.27861347119368396,0,0
46,16,52,42,2,23,10,6,20,2,0,0,0,25,4,209,34,2,0,1,3,3,0,1,2,499,799,10,7990,0,0.31792187606361627,0.28459837245025726,0,0
96,42,116,32,6,50,40,12,41,7,2,1,2,5,0,210,18,3,1,1,6,4,0,6,3,699,1179,24,28296,0,0.20847240141885323,0.224317968675564,0,0
82,30,95,26,6,40,36,11,37,4,1,0,0,9,4,247,6,4,0,1,10,3,0,3,3,499,1089,54,58806,1,0.23959790763273575,0.2604628466772419,0,0
80,12,39,24,2,18,11,6,10,1,2,1,2,19,14,319,22,1,1,1,9,2,1,2,5,399,579,49,28371,0,0.2846780335436834,0.25007443375553656,0,0
55,21,48,25,3,30,14,10,22,1,0,0,0,11,5,220,46,1,0,1,10,1,0,2,2,399,619,51,31569,0,0.28533176954186656,0.21799407380424698,0,0
83,59,118,30,5,50,38,11,11,2,2,1,2,3,2,226,3,1,0,1,8,3,0,4,3,499,729,55,40095,0,0.29493857034081783,0.24665043501584558,0,0
86,33,103,48,3,41,34,13,25,4,1,0,0,9,5,274,2,1,1,1,10,1,1,4,3,999,1249,47,58703,0,0.26487279657660057,0.15660595169921232,0,0
68,58,147,30,7,50,29,9,26,6,0,0,0,7,4,349,18,4,0,1,4,4,0,4,4,699,1269,11,13959,0,0.25611491936298153,0.27924506613877553,0,0
39,16,47,24,4,27,6,6,11,1,0,0,0,23,20,69,58,0,0,1,10,2,1,4,3,399,459,52,23868,1,0.3378889372254499,0.3058950477588824,0,0
30,6,17,25,1,10,2,3,5,1,1,0,1,38,21,206,34,1,1,0,1,4,1,2,3,399,549,9,4941,1,0.4953954509588408,0.4865421924614287,0,0
78,30,95,26,6,44,33,8,12,4,0,0,0,9,1,203,11,4,1,1,10,1,1,4,3,999,1559,35,54565,0,0.1709910101082813,0.14334051991972172,0,0
56,25,59,19,5,37,15,9,22,3,3,1,2,8,8,253,13,1,0,1,1,4,2,3,2,499,709,22,15598,0,0.38742806381247435,0.37171825707575695,0,0
56,24,45,21,4,27,7,2,10,0,1,0,0,14,9,185,45,1,0,1,7,3,0,2,4,399,539,55,29645,0,0.3055052297954814,0.3124280920681747,0,0
46,28,68,28,4,34,15,3,17,1,2,1,1,17,23,208,19,0,1,0,1,4,2,1,2,199,229,14,3206,0,0.30147260969791495,0.46675037927651075,0,0
86,32,81,27,6,41,28,11,25,2,0,0,0,12,5,196,1,2,0,1,10,3,0,5,4,699,1049,58,60842,0,0.2403885525883928,0.2242609684508833,0,0
55,28,59,19,4,39,19,11,22,3,3,1,3,28,5,230,13,0,0,0,1,4,1,2,2,399,509,34,17306,1,0.31914524939025485,0.4162037047278353,0,0
33,20,39,26,4,27,8,4,12,1,2,1,2,41,15,180,84,1,2,0,3,4,2,3,4,399,559,20,11180,1,0.4986698374384008,0.5373907431363825,0,1
39,0,5,24,0,17,9,6,1,0,4,1,2,27,36,120,125,0,3,0,1,4,2,1,2,299,359,32,11488,1,0.6266858903734981,0.5406112557475328,1,1
64,6,17,22,2,12,7,2,2,0,1,0,0,49,8,105,50,0,0,0,2,4,2,2,1,199,219,5,1095,1,0.5017421155328255,0.4759070441809477,1,0
89,59,152,36,7,50,44,12,14,2,1,0,0,4,3,215,5,4,1,1,7,2,0,5,3,699,1299,26,33774,0,0.18338277996702834,0.14390557043745425,0,0
38,16,37,27,4,22,4,3,11,0,4,1,4,38,34,60,87,0,2,0,1,4,1,2,1,299,329,30,9870,0,0.4576648950539908,0.45693153377728035,0,0
69,38,110,45,3,39,24,11,26,2,0,0,0,9,6,204,10,3,0,1,7,4,1,4,4,699,1169,41,47929,0,0.2851728606808688,0.361109290177772,0,0
50,8,15,19,2,19,6,8,14,0,3,1,1,34,10,153,58,1,2,0,2,4,0,3,1,299,499,26,12974,0,0.49319536474205755,0.45601572290790254,0,0
79,36,106,33,6,47,44,6,21,3,3,1,3,17,14,181,27,2,1,0,3,4,1,2,2,399,699,21,14679,0,0.3649688720289567,0.27911346257995995,0,0
82,32,95,39,4,43,35,8,23,1,2,1,2,29,10,165,25,2,0,1,4,4,1,2,3,499,819,19,15561,0,0.27172688277528984,0.2727240958500689,0,0
42,15,27,20,3,22,10,2,7,0,0,0,0,28,18,55,84,1,2,0,5,4,1,1,4,299,439,21,9219,1,0.49459902997326877,0.4693693034412696,0,0
28,12,31,21,4,25,6,6,8,0,3,1,3,65,29,111,144,0,1,0,6,4,4,1,1,499,559,48,26832,0,0.6275215924610937,0.6767671724989504,1,1
57,4,12,11,2,17,10,6,3,0,3,1,0,25,11,97,62,0,2,1,3,4,3,0,2,199,259,24,6216,1,0.4532984336249833,0.5032398709555749,0,1
74,27,71,34,4,27,22,2,2,0,1,0,1,14,6,121,71,0,1,0,2,4,0,1,4,299,319,10,3190,0,0.3817408545914674,0.30073687714075426,0,0
35,7,24,41,1,24,9,8,13,1,1,0,1,37,8,50,79,1,1,1,1,4,0,0,4,199,399,5,1995,1,0.42816959437092594,0.39123184372691977,0,0
48,0,5,24,0,13,4,6,4,0,3,1,0,41,33,87,76,0,2,0,1,4,2,2,2,299,359,2,718,1,0.6636505703911705,0.5449240007426737,1,1
77,39,130,23,7,44,28,8,37,3,0,0,0,13,0,280,15,2,0,1,10,2,1,3,4,699,1019,42,42798,0,0.272459628339669,0.23090879796922664,0,0
57,20,66,22,5,33,14,11,24,3,2,1,0,16,5,221,16,0,1,1,3,4,0,3,5,499,609,21,12789,1,0.30369137394933493,0.3323366125117672,0,0
52,42,102,22,6,47,13,4,13,3,1,0,1,6,13,214,53,2,2,1,7,2,1,5,4,399,679,50,33950,0,0.2401653159594559,0.2786508717171166,0,0
79,42,125,42,4,44,29,10,10,7,2,1,1,12,0,262,15,1,0,1,3,4,0,7,3,499,719,12,8628,1,0.36612694523365014,0.2773302909047074,0,0
63,2,5,13,1,15,9,4,10,0,2,1,2,41,16,63,149,0,1,0,2,4,1,2,3,199,239,6,1434,0,0.51367280520383,0.5068702516136152,1,1
72,20,61,25,4,33,25,6,15,1,0,0,0,11,13,309,50,2,0,1,5,4,2,2,2,299,599,21,12579,0,0.271533906094504,0.33752319057661784,0,0
36,10,21,28,2,16,2,5,9,0,3,1,2,58,40,112,144,0,2,0,1,4,1,2,2,199,249,23,5727,1,0.5120793450057506,0.5679894874935304,1,1
45,14,40,39,2,23,14,3,12,0,2,1,1,11,23,60,63,1,0,0,1,4,2,2,2,299,449,30,13470,0,0.40196837557090587,0.4606598107868658,0,0
67,16,55,36,2,27,16,5,20,2,0,0,0,32,2,258,26,1,1,1,10,1,0,4,4,299,469,57,26733,0,0.1977562864466721,0.19190166659888194,0,0
70,41,76,33,5,44,27,9,32,5,0,0,0,3,3,300,12,1,1,1,5,4,1,6,5,999,1209,15,18135,0,0.2715254407164745,0.2509563952280255,0,0
52,5,15,33,1,19,11,6,12,0,3,1,1,17,23,137,23,1,1,0,1,4,0,0,3,399,579,28,16212,1,0.39660345828330296,0.37477240405924644,0,0
41,12,39,25,2,18,8,6,12,0,5,1,5,43,11,111,135,0,2,0,1,4,2,0,3,499,559,34,19006,1,0.48092061520212825,0.5555886023105601,0,1
76,42,135,41,5,50,45,12,34,4,2,1,2,5,4,197,23,4,0,1,4,4,1,6,4,699,1299,31,40269,0,0.3244015975803733,0.2898789230484025,0,0
74,52,116,26,7,50,38,14,24,4,0,0,0,3,2,246,5,2,1,1,10,3,1,6,3,699,1079,42,45318,0,0.2742242079820627,0.260163388631564,0,0
79,21,52,34,3,27,18,6,12,0,1,0,0,29,1,268,48,2,1,1,8,2,0,1,2,299,599,28,16772,0,0.16396669357069768,0.2113581088458633,0,0
96,36,84,25,6,49,46,9,16,3,0,0,0,0,4,210,3,4,1,1,10,1,1,4,4,499,1069,56,59864,0,0.16705445754438425,0.13172436082822106,0,0
73,51,146,35,7,50,42,14,18,3,1,0,0,11,3,360,16,2,0,1,7,4,1,6,3,499,879,27,23733,1,0.2649242830290106,0.29871118947581227,0,0
95,58,135,38,7,50,45,11,13,2,0,0,0,7,2,270,0,2,0,0,2,4,0,5,4,699,1049,9,9441,0,0.3442770932092612,0.18722229536626914,0,0
83,10,21,15,2,24,22,5,14,0,0,0,0,15,8,111,49,2,1,1,10,2,1,1,2,299,589,58,34162,1,0.4114281352623717,0.23332996732229366,0,0
66,10,30,24,2,24,13,4,22,1,1,0,0,32,5,240,49,2,0,1,8,3,1,1,2,399,679,41,27839,1,0.32269266383615675,0.3491059190128636,0,0
84,33,69,25,4,45,34,10,34,5,0,0,0,1,1,340,11,2,1,1,10,1,0,5,5,499,839,54,45306,0,0.14959851803045368,0.15357810024693794,0,0
68,52,140,41,4,50,24,8,20,6,2,1,0,8,2,199,18,1,1,1,9,4,0,5,4,999,1199,57,68343,1,0.3340505296532664,0.42047486238308357,0,0
61,40,106,27,5,46,27,11,16,2,2,1,2,18,3,157,30,2,0,1,6,4,1,1,3,499,849,46,39054,0,0.3048519271149789,0.3972581272368859,0,0
82,42,92,20,6,45,42,8,22,3,1,0,1,30,2,136,13,0,1,1,8,3,1,3,2,399,479,54,25866,0,0.22922573692672468,0.2360213538084795,0,0
68,31,108,42,4,40,24,7,11,0,0,0,0,22,5,286,56,1,0,1,8,3,1,5,4,399,589,54,31806,0,0.22691979491661277,0.2912553847543333,0,0
86,29,71,25,6,44,36,11,10,4,0,0,0,14,0,240,22,3,1,1,7,4,0,2,5,999,1469,23,33787,0,0.21739688293475762,0.1950999454863943,0,0
74,40,121,36,7,45,30,9,27,5,0,0,0,13,3,278,11,1,1,1,9,2,1,7,4,499,709,57,40413,1,0.37782103399777284,0.20651332881054044,0,0
58,18,43,32,3,26,16,9,21,1,0,0,0,33,3,143,48,1,0,0,7,2,0,1,5,499,709,41,29069,1,0.28967165787134724,0.2829562835979013,0,0
66,12,37,28,2,24,14,7,16,1,2,1,0,43,9,129,39,1,1,0,3,4,2,3,3,399,589,19,11191,0,0.3007397669192211,0.4699770661469832,0,0
62,41,140,29,6,44,23,9,34,5,2,1,2,10,3,291,1,2,0,1,8,4,0,2,4,999,1329,37,49173,1,0.30956738622067737,0.3541758503618186,0,0
88,50,119,45,4,48,43,13,14,1,1,0,0,0,4,224,6,4,1,0,8,4,1,7,3,699,1309,54,70686,0,0.2650586564578344,0.3523219408033956,0,0
70,42,79,28,6,46,35,6,26,3,0,0,0,25,11,230,11,0,1,1,10,1,2,4,5,499,559,49,27391,0,0.2559874891708825,0.1840608124527689,0,0
93,26,70,32,5,45,38,12,37,2,2,1,2,19,6,225,6,1,1,1,6,3,0,3,5,999,1239,45,55755,0,0.25648360630417344,0.17383399107677455,0,0
84,8,20,26,2,29,24,10,20,1,0,0,0,34,11,199,25,0,0,1,8,4,0,2,3,299,399,33,13167,0,0.3227174587334668,0.26695705386973806,0,0
48,24,60,16,6,34,9,4,8,2,3,1,2,22,13,196,32,1,1,1,5,4,2,3,3,399,559,26,14534,0,0.39241576657073635,0.4233455526237538,0,0
53,6,13,9,3,14,7,3,8,0,5,1,5,21,18,101,55,0,1,0,5,4,1,1,1,399,429,53,22737,1,0.4518922913902952,0.43426636698894944,0,0
66,38,80,22,5,41,25,9,10,3,2,1,0,12,6,288,23,3,1,1,3,4,0,5,5,699,1149,17,19533,0,0.31875723183721033,0.3019991649093571,0,0
80,24,48,26,5,29,23,5,26,3,2,1,2,20,14,143,47,0,1,1,5,4,0,5,4,399,449,21,9429,0,0.29746602886486695,0.26611618250967667,0,0
47,7,22,30,1,16,5,6,14,1,2,1,1,20,23,147,77,0,2,0,5,4,1,0,1,199,259,48,12432,1,0.4587833594552865,0.4972628488121218,0,0
79,44,119,41,5,44,33,10,15,3,0,0,0,4,2,352,28,1,1,1,9,3,1,4,3,699,919,38,34922,0,0.1892081307983105,0.24281245613619226,0,0
92,43,108,25,7,50,43,12,10,6,0,0,0,3,0,185,5,3,1,1,10,3,1,7,5,499,979,48,46992,0,0.23420205042522876,0.21546493494888577,0,0
91,33,61,19,5,40,34,9,39,6,1,0,1,10,1,255,2,2,0,1,10,3,1,4,5,999,1329,52,69108,0,0.24854205308190452,0.2628328585169449,0,0
97,56,180,41,6,50,39,14,42,3,0,0,0,14,2,219,13,4,1,1,9,1,0,6,4,699,1319,17,22423,0,0.22866755299720276,0.12099142897933549,0,0
52,32,104,32,4,35,19,8,9,1,2,1,2,27,3,257,44,2,2,0,8,4,0,3,2,399,719,56,40264,1,0.3071234120928426,0.46754453886718395,0,0
40,12,41,31,3,31,17,8,9,0,2,1,2,45,11,207,57,1,2,1,8,3,1,1,3,399,599,40,23960,1,0.3527956037691496,0.36808100765738205,0,0
82,30,57,22,5,44,38,9,7,3,0,0,0,24,6,140,7,1,2,1,10,2,1,3,4,499,709,41,29069,0,0.20774498506674108,0.17209659810715036,0,0
29,8,14,22,0,11,4,3,2,0,4,1,4,32,18,141,161,0,3,0,1,4,0,2,2,299,329,10,3290,1,0.6082253846044237,0.5497922867129128,1,1
100,54,114,37,6,50,47,12,24,2,1,0,1,5,2,271,6,1,1,0,5,4,1,5,4,999,1239,13,16107,1,0.20265945605792057,0.19367065989376497,0,0
73,28,66,35,4,37,30,4,22,2,2,1,2,15,12,301,56,0,0,1,10,2,1,2,2,499,539,50,26950,1,0.23961060600621129,0.22519186196291607,0,0
65,20,50,27,5,31,22,9,21,0,3,1,1,20,4,312,10,2,0,1,4,4,1,4,4,399,729,16,11664,1,0.3815342679838767,0.31986141589396366,0,0
89,58,168,48,5,50,39,10,14,4,2,1,1,5,4,293,13,1,1,0,8,4,1,7,3,699,919,56,51464,0,0.3623441968598376,0.37105005954162257,0,0
49,4,8,25,1,17,6,4,9,0,3,1,3,46,14,32,101,0,1,0,1,4,2,1,1,199,239,22,5258,0,0.5112487117325747,0.5251864823504887,1,1
53,15,49,33,3,30,17,10,15,1,0,0,0,16,13,117,29,1,0,0,3,3,0,3,2,399,619,12,7428,1,0.3743745980263834,0.26881796562147714,0,0
86,49,147,39,6,50,46,10,27,3,1,0,1,2,7,296,16,2,1,1,10,2,1,5,5,699,1039,54,56106,0,0.1688853591289692,0.19136193988980518,0,0
78,11,25,18,2,20,15,6,13,1,2,1,0,36,19,78,71,1,0,1,10,4,0,1,4,199,379,50,18950,0,0.4137429998615612,0.40399811953751724,0,0
47,14,36,33,2,17,8,3,10,0,1,0,0,14,11,64,34,1,1,1,3,3,2,4,4,299,449,12,5388,0,0.4175436251281286,0.34562739332839504,0,0
31,20,36,27,4,31,15,5,9,0,4,1,3,21,17,44,78,0,1,0,1,4,1,1,3,199,249,5,1245,1,0.42690201411618073,0.4640995362257352,0,0
91,25,63,23,4,36,34,10,26,3,0,0,0,13,9,195,25,0,1,0,7,4,2,3,5,299,399,47,18753,0,0.18319672741074663,0.3338363715638267,0,0
60,5,13,25,1,13,8,2,7,1,2,1,1,11,13,122,31,0,0,0,6,3,1,3,2,399,419,57,23883,1,0.375842220119919,0.36511019585926563,0,0
81,37,102,37,5,44,30,13,33,5,1,0,0,8,2,297,5,1,1,1,6,2,1,3,5,499,749,10,7490,0,0.3262574048280075,0.17574866918925983,0,0
31,3,7,23,1,13,4,4,7,1,2,1,2,19,10,81,30,1,2,1,8,3,1,2,3,199,359,45,16155,0,0.4652197296457688,0.4070000581158659,0,0
93,38,117,30,5,50,47,10,17,5,2,1,2,8,0,349,7,4,1,1,6,3,0,3,3,699,1279,42,53718,0,0.21633020592758068,0.20349864963933323,0,0
46,10,24,18,2,25,10,11,18,0,2,1,1,23,7,253,21,2,1,0,5,4,0,4,4,299,649,41,26609,1,0.3376998342730467,0.46280318241297896,0,0
69,55,180,44,6,50,34,8,13,2,2,1,2,5,2,199,9,1,1,1,6,4,1,7,5,999,1199,50,59950,0,0.38531967651118765,0.33242244648608704,0,0
56,36,86,26,6,36,23,4,22,2,3,1,3,29,2,220,31,1,1,0,6,4,0,5,2,299,459,47,21573,1,0.32375593457064933,0.39361522580272285,0,0
63,4,13,23,1,18,10,6,2,0,1,0,1,43,8,67,63,0,1,1,6,3,2,4,4,399,459,18,8262,0,0.3397909764654758,0.34080370772914703,0,0
53,24,79,41,3,37,17,11,27,0,0,0,0,17,1,167,35,2,1,0,6,4,1,2,5,499,849,44,37356,0,0.4020382610906253,0.4297980959414675,0,0
77,21,68,32,3,30,24,4,10,2,2,1,1,20,11,156,42,1,1,0,3,4,0,1,4,299,459,31,14229,0,0.3456082534977869,0.334008916852893,0,0
69,16,41,17,4,27,25,6,2,0,1,0,1,43,20,169,51,0,1,1,4,4,0,3,2,199,259,22,5698,0,0.37369469589761034,0.28889805112382705,0,0
80,51,130,30,7,50,39,10,37,3,2,1,2,1,1,281,4,3,0,0,7,3,1,7,4,499,959,39,37401,0,0.2526065809104899,0.288871474003358,0,0
84,12,40,25,3,25,22,10,10,2,1,0,0,31,12,253,47,0,1,1,9,1,2,1,4,399,499,43,21457,0,0.21063952588974927,0.19460441020846994,0,0
83,35,73,29,4,42,39,11,35,3,1,0,0,1,4,294,3,3,0,1,6,2,1,6,4,699,1169,31,36239,0,0.20999828608625531,0.1780783925546246,0,0
79,46,158,32,6,50,34,13,32,4,1,0,0,8,2,188,4,1,0,1,9,1,0,4,5,499,749,57,42693,0,0.15075786538595187,0.1677829219482169,0,0
66,31,84,33,5,45,26,9,33,3,1,0,0,4,2,262,15,3,1,1,7,2,0,6,3,699,1149,48,55152,0,0.20485251747780656,0.20660929248714738,0,0
70,30,65,25,5,41,20,8,17,1,0,0,0,17,5,361,27,3,1,1,5,4,0,6,5,699,1139,30,34170,0,0.2560390295643685,0.27535509365348443,0,0
80,37,108,54,3,44,30,9,31,2,1,0,1,8,6,280,28,2,0,1,8,3,1,4,5,999,1329,55,73095,0,0.29693647792048244,0.2734131782549718,0,0
84,37,85,29,6,47,35,11,17,5,0,0,0,1,2,188,22,1,1,1,10,3,1,6,5,699,929,52,48308,0,0.20495147467940628,0.225095296364795,0,0
43,3,6,24,1,18,6,5,4,0,4,1,3,56,35,87,132,0,3,1,1,4,3,2,2,299,349,24,8376,1,0.45701194248216914,0.5370531749967307,0,1
82,52,180,54,4,46,37,10,42,3,2,1,2,13,2,273,19,3,0,1,10,2,1,5,4,499,959,53,50827,0,0.3589197919074867,0.27952142692296106,0,0
63,6,19,30,1,11,7,2,13,0,2,1,0,13,4,101,82,1,1,1,7,3,2,2,4,299,439,37,16243,1,0.32927197275329123,0.4076862805309522,0,0
80,13,33,26,2,26,18,11,15,2,1,0,0,30,13,264,55,0,0,1,8,2,1,1,5,499,609,53,32277,0,0.29869029569685634,0.2489686405396574,0,0
74,31,61,18,7,37,26,6,14,3,2,1,0,33,11,165,12,0,0,1,1,4,1,1,2,399,459,7,3213,0,0.3144606228535931,0.29799053480114507,0,0
74,22,44,18,4,41,27,11,23,0,0,0,0,33,10,154,34,1,1,1,5,4,0,4,5,499,729,7,5103,1,0.2679396409163231,0.2499575923966643,0,0
51,5,14,20,1,15,5,5,12,0,3,1,1,10,12,57,73,0,0,0,4,4,1,2,1,199,249,52,12948,0,0.5438020053975109,0.4902012522594896,1,0
47,30,73,32,5,37,10,9,7,0,1,0,1,25,11,184,6,1,0,0,4,3,1,4,3,399,609,51,31059,0,0.30121657122359746,0.3407731623826299,0,0
76,32,86,35,4,39,37,8,27,2,0,0,0,7,6,276,13,2,1,0,3,4,1,1,5,299,619,22,13618,0,0.27860294401586455,0.30785897745897606,0,0
51,2,5,16,2,10,6,2,3,0,1,0,1,82,37,85,85,0,2,0,7,3,1,2,1,399,419,52,21788,1,0.4991714850650043,0.4370223897006407,0,0
76,30,103,33,5,46,36,10,13,1,3,1,3,18,9,310,8,0,2,1,8,4,1,3,2,499,599,36,21564,0,0.2927909925313814,0.2648301230822534,0,0
73,42,91,27,4,47,39,11,10,5,1,0,0,16,5,260,19,3,1,1,4,4,0,4,5,699,1169,18,21042,0,0.12912478479525147,0.26180119018330344,0,0
53,51,98,35,6,50,34,10,25,1,1,0,1,34,9,215,25,0,2,1,10,2,0,2,4,399,499,53,26447,0,0.2566155680701068,0.22717092112500845,0,0
83,28,63,18,5,37,32,11,6,3,0,0,0,17,7,311,20,1,1,0,10,1,1,1,5,399,629,48,30192,0,0.20437096186672668,0.18749135655324947,0,0
85,62,168,45,6,50,42,12,35,5,0,0,0,14,4,217,15,4,1,1,10,1,0,6,3,999,1599,55,87945,0,0.24698414531795806,0.19613774042236734,0,0
53,18,44,26,3,33,12,8,13,0,0,0,0,10,12,173,24,0,1,1,10,1,0,4,2,299,379,56,21224,0,0.21035378194011997,0.17780528610505936,0,0
65,30,58,27,6,41,28,7,16,1,0,0,0,10,7,310,49,0,2,1,9,2,0,1,4,499,569,47,26743,1,0.19395773730633592,0.1773396222263384,0,0
36,10,20,24,2,22,8,7,7,0,3,1,2,31,24,30,51,0,1,0,1,4,2,1,1,399,469,13,6097,1,0.517980223679181,0.49682949246542424,1,0
67,12,30,13,4,23,16,5,11,0,5,1,5,41,15,81,88,0,2,0,3,4,4,2,2,199,249,40,9960,0,0.470349799453624,0.5010702818068071,0,1
66,5,9,17,1,22,14,8,17,0,1,0,1,30,8,177,86,1,1,1,4,3,0,3,1,199,399,7,2793,0,0.4416773974627748,0.2923894956732634,0,0
93,35,81,25,7,44,41,6,29,0,1,0,0,20,10,211,28,0,1,1,10,1,1,1,2,299,359,58,20822,0,0.24731632308483678,0.12160195921255407,0,0
94,49,170,40,5,47,44,10,36,4,2,1,0,5,6,180,24,1,1,1,8,4,1,6,3,699,919,27,24813,0,0.3471611115090848,0.2982447970826517,0,0
48,32,64,28,4,41,19,8,7,1,0,0,0,28,11,226,10,1,1,0,8,2,1,2,3,299,499,49,24451,0,0.24415478174224092,0.3058615560795363,0,0
61,40,127,42,5,50,21,9,7,1,3,1,2,27,12,147,38,1,1,1,2,4,1,2,2,399,609,25,15225,0,0.3878119959418281,0.3387013724773207,0,0
90,42,140,41,4,45,41,14,20,6,2,1,2,14,1,339,14,2,0,1,5,4,1,5,5,999,1379,15,20685,0,0.1957238542738748,0.24537714956895681,0,0
64,4,9,21,2,15,13,3,7,0,1,0,0,28,33,144,84,0,3,0,3,4,3,2,1,199,229,30,6870,0,0.4240881037156668,0.45860799179846834,0,0
91,48,159,47,4,48,40,11,43,4,1,0,0,3,3,274,14,4,1,1,9,1,0,6,3,499,1089,25,27225,0,0.20150870472913338,0.14147165383700444,0,0
80,32,58,26,4,32,23,4,9,2,1,0,0,30,11,174,57,0,2,1,6,3,1,1,4,499,539,19,10241,0,0.26787163483607723,0.2626368383979834,0,0
77,28,63,34,4,39,31,11,18,3,3,1,3,23,12,300,32,2,0,0,3,4,1,1,4,299,649,26,16874,0,0.4180929157215088,0.34057915084428136,0,0
53,30,88,27,6,45,25,11,29,3,2,1,2,19,14,212,19,0,1,0,3,4,1,3,4,499,609,41,24969,0,0.43434699633145735,0.37397575337315636,0,0
49,6,14,28,1,16,10,1,7,0,4,1,1,68,36,141,108,0,1,0,2,4,2,1,3,399,409,30,12270,0,0.5414808532814787,0.5683556226514412,1,1
71,40,129,34,5,50,35,13,20,3,0,0,0,2,2,217,1,3,0,0,7,4,1,7,5,499,989,49,48461,0,0.27118380145812476,0.3671182323287218,0,0
67,12,24,19,4,25,19,4,0,0,1,0,0,58,39,67,99,0,3,0,4,4,2,2,2,399,439,45,19755,1,0.5031098640839223,0.4167068833767196,1,0
64,6,11,15,2,17,9,6,13,0,1,0,0,47,19,198,83,0,0,1,8,2,2,2,1,199,259,44,11396,0,0.35846247109613505,0.34007306955580363,0,0
50,20,40,28,4,34,22,5,17,1,2,1,0,43,10,142,15,0,1,1,6,4,2,3,1,299,349,50,17450,1,0.3908277167117814,0.4245411020535727,0,0
93,49,125,56,3,48,45,14,13,2,1,0,0,2,4,333,10,2,1,0,2,4,0,5,4,999,1379,15,20685,0,0.204395642381075,0.19128543307755247,0,0
50,9,21,20,3,17,10,5,7,0,3,1,3,62,24,110,72,0,2,0,3,4,4,1,2,299,349,52,18148,0,0.5784374032573741,0.5751186876429116,1,1
84,16,33,29,2,30,21,9,20,3,1,0,0,25,2,309,33,0,0,0,6,4,1,3,2,299,389,36,14004,0,0.33513555732996686,0.36302809645907314,0,0
61,20,48,30,4,27,13,4,6,0,5,1,3,15,33,52,48,0,1,0,1,4,4,0,1,399,439,28,12292,0,0.3322892080451524,0.45971584997645765,0,0
57,27,81,41,3,30,14,5,17,0,0,0,0,13,22,107,61,1,1,0,7,4,1,3,3,199,369,34,12546,1,0.38427590523479077,0.4204814321038165,0,0
69,8,20,21,2,14,8,2,0,0,2,1,2,46,42,140,60,0,2,0,1,4,2,2,3,399,419,15,6285,0,0.5073308304731083,0.42252854784510385,1,0
72,23,78,35,4,28,19,3,4,1,0,0,0,15,7,103,58,0,0,1,10,1,0,1,3,199,229,45,10305,0,0.3455602859169777,0.15840206554401054,0,0
75,12,37,30,3,33,30,10,9,2,0,0,0,26,11,254,5,0,2,0,9,1,2,3,2,499,599,40,23960,0,0.28975233636711184,0.1798157923148167,0,0
41,11,33,24,3,25,10,5,4,0,1,0,1,75,15,103,108,0,3,0,7,4,3,1,3,199,249,55,13695,1,0.5771239787934648,0.5868150582775703,1,1
52,9,18,19,3,20,9,3,9,0,4,1,2,48,14,33,63,0,1,0,1,4,2,2,2,399,429,15,6435,1,0.480457356471539,0.4866045289465079,0,0
80,56,103,33,6,50,34,11,44,7,1,0,0,14,0,218,17,4,0,1,5,4,0,6,3,499,1089,31,33759,0,0.35760869386586674,0.3138247354927372,0,0
59,15,51,44,2,22,15,6,14,1,3,1,1,23,14,72,15,1,0,1,3,4,0,3,3,399,579,33,19107,0,0.43860776536568485,0.3284677904569004,0,0
87,49,155,43,6,50,45,10,26,7,0,0,0,1,1,334,5,1,1,1,10,2,0,3,3,999,1219,35,42665,0,0.12811427569566106,0.14866971799495046,0,0
66,53,132,51,4,50,30,10,18,5,1,0,1,3,0,364,0,3,1,1,7,2,1,4,5,499,959,34,32606,1,0.3125324759839649,0.2293359885887165,0,0
56,15,42,29,3,22,9,3,9,0,1,0,1,15,16,61,19,0,0,1,5,4,1,2,4,299,329,16,5264,1,0.42149432098636336,0.3349693304570134,0,0
47,48,121,27,6,50,21,6,13,1,1,0,0,14,4,189,36,0,0,1,5,4,2,5,4,399,459,28,12852,0,0.38437334054465766,0.41871035701605996,0,0
25,0,5,19,0,6,0,1,7,0,1,0,0,81,26,30,48,0,2,0,3,4,2,2,1,199,209,22,4598,0,0.5867570440220284,0.631385859171046,1,1
54,20,63,27,4,25,11,5,6,1,1,0,0,32,21,54,42,0,2,1,7,2,2,0,4,199,249,35,8715,1,0.39540382616077174,0.29783108679110254,0,0
39,8,16,15,2,18,10,3,9,1,0,0,0,19,18,95,70,1,0,1,10,3,0,1,4,399,549,40,21960,0,0.3921989956930986,0.3684898674575294,0,0
74,29,79,25,5,40,31,11,35,1,1,0,0,14,6,251,1,3,1,1,4,3,1,2,4,999,1469,21,30849,0,0.25486748278135474,0.20279677535227233,0,0
66,32,109,39,4,37,25,4,23,3,3,1,3,13,8,227,32,2,2,1,6,4,1,5,2,499,779,43,33497,0,0.4476349898340326,0.35186746804494934,0,0
76,32,90,37,4,32,24,6,28,3,2,1,0,17,4,204,52,1,1,1,8,4,1,4,5,299,479,38,18202,1,0.27485341980643174,0.39244847235578395,0,0
59,3,10,28,1,15,5,4,8,0,5,1,5,52,26,112,67,0,2,0,1,4,3,2,1,499,539,24,12936,0,0.4959488675786886,0.47875494716441797,0,0
48,18,36,29,3,32,17,7,10,0,0,0,0,15,11,70,34,1,1,0,4,4,2,1,1,399,589,45,26505,1,0.45594047519960373,0.42592567611115684,0,0
59,15,40,18,3,28,14,4,17,0,1,0,0,19,12,310,28,2,1,1,3,4,1,3,3,399,679,10,6790,0,0.36326398681645133,0.3421817900334193,0,0
21,9,29,23,3,16,3,1,8,0,1,0,0,55,20,60,59,0,2,0,1,4,2,2,3,299,309,20,6180,1,0.6096644494861599,0.561599151379177,1,1
79,14,43,34,2,20,15,5,13,1,3,1,3,26,9,203,45,1,0,1,6,4,1,2,2,299,469,34,15946,0,0.3490851130262248,0.3461025008600965,0,0
74,25,85,25,5,40,20,10,7,0,0,0,0,23,7,113,20,0,0,1,8,4,0,2,2,499,599,46,27554,1,0.2519887185475277,0.27378699395219797,0,0
63,10,19,18,2,22,11,10,7,1,0,0,0,10,10,219,28,0,2,0,7,4,1,1,5,299,399,33,13167,0,0.41744188505794017,0.39523483473252785,0,0
65,43,82,29,6,50,34,13,13,6,1,0,0,12,2,271,6,4,0,1,8,4,1,6,4,999,1609,24,38616,0,0.3002358652260075,0.2924305923468495,0,0
68,4,12,17,1,18,11,6,8,1,2,1,0,21,9,53,21,0,0,1,2,4,2,3,4,299,359,5,1795,0,0.451811776236113,0.4037283865679105,0,0
54,30,93,26,5,35,22,5,13,0,3,1,3,6,8,138,10,1,2,1,9,3,0,5,3,399,569,54,30726,0,0.3421031057235124,0.2681681618045447,0,0
45,32,75,34,4,39,15,7,26,0,2,1,2,21,1,147,38,1,0,0,1,4,0,2,4,299,489,15,7335,1,0.39093558922049615,0.4042944608812256,0,0
75,24,62,37,3,34,26,6,27,2,3,1,3,19,6,163,30,2,1,1,4,4,1,4,3,299,599,31,18569,1,0.3270118031257833,0.31250058823303345,0,0
61,24,49,28,4,31,18,3,14,0,5,1,5,25,18,143,100,0,2,0,2,4,4,0,2,499,529,58,30682,0,0.4143885260889374,0.49758603364115933,0,0
68,25,76,23,5,37,21,5,21,0,1,0,0,18,3,177,5,2,1,0,1,4,1,1,3,499,789,23,18147,1,0.280049796277594,0.32274680546193824,0,0
45,21,64,36,3,25,10,5,7,1,0,0,0,47,7,66,67,1,0,0,3,3,1,2,4,299,469,5,2345,0,0.40806069149417107,0.4050384709658785,0,0
65,29,70,25,4,39,22,6,4,0,2,1,1,15,11,89,129,0,1,1,2,4,3,1,3,399,459,17,7803,0,0.42204749852603984,0.43575394764721365,0,0
94,23,49,21,3,25,23,6,24,0,2,1,2,12,14,264,48,2,0,0,4,4,2,2,5,499,799,16,12784,1,0.46547100593166607,0.3592331328525759,0,0
56,4,8,24,1,16,8,4,9,0,5,1,5,63,46,101,120,0,2,0,1,4,2,0,1,299,339,21,7119,0,0.3938396896476665,0.5035174498476952,0,1
69,31,78,26,4,33,23,7,20,1,2,1,2,24,2,220,10,1,0,1,5,4,2,2,4,299,489,12,5868,0,0.1987625098899741,0.38532644347143086,0,0
57,7,13,29,1,14,8,4,14,1,0,0,0,44,6,143,65,1,1,0,4,4,2,3,1,399,559,23,12857,1,0.40582728638925497,0.490298880628204,0,0
62,15,34,20,3,29,16,6,28,1,2,1,0,7,14,162,32,1,2,1,9,4,1,1,4,499,679,59,40061,0,0.44606713855083496,0.41288000791820967,0,0
84,24,71,16,6,38,27,9,5,0,3,1,0,27,1,241,23,0,1,1,6,4,2,2,4,499,589,48,28272,1,0.382026222116268,0.3412118887297804,0,0
94,39,73,32,4,46,43,8,36,4,0,0,0,0,0,197,8,2,1,1,7,3,0,3,5,999,1319,26,34294,0,0.18077260169225712,0.1549709787600326,0,0
47,10,27,21,2,21,8,6,7,0,2,1,1,55,22,58,70,0,2,0,1,4,3,0,2,299,359,18,6462,1,0.5122777338456945,0.5667679410503488,1,1
88,58,166,32,7,50,45,14,36,6,1,0,0,8,4,338,9,3,0,1,9,3,1,5,4,499,999,42,41958,0,0.22813357670340006,0.2826561234687434,0,0
37,12,32,16,3,25,7,2,4,0,5,1,5,38,12,40,98,0,2,0,2,4,4,2,2,199,219,42,9198,1,0.5218263857834484,0.5905417660950854,1,1
72,21,60,36,3,27,18,8,7,2,2,1,1,10,9,199,58,1,0,1,8,3,0,4,2,399,599,37,22163,0,0.26463360328312663,0.27498901933075925,0,0
87,45,136,24,7,50,47,12,12,6,0,0,0,13,4,349,0,2,0,1,4,4,0,7,5,499,859,15,12885,0,0.24950489269136844,0.2064351559453831,0,0
53,12,28,17,3,19,7,1,2,0,5,1,5,52,16,57,118,0,3,0,2,4,3,2,2,399,409,37,15133,1,0.49948321738051976,0.5375793023153068,0,1
58,3,8,25,1,15,9,5,2,0,1,0,0,85,40,46,127,0,1,0,3,4,3,2,2,199,249,37,9213,0,0.42924169252624816,0.5760283423288979,0,1
47,30,98,30,6,40,10,9,24,1,0,0,0,19,6,238,38,0,0,1,5,3,1,5,3,299,389,30,11670,0,0.2856113085813579,0.316439715463232,0,0
77,12,23,23,3,20,17,5,12,2,2,1,2,11,9,134,56,1,1,1,1,4,1,2,4,399,569,7,3983,1,0.3551425960244521,0.2919712902578574,0,0
58,24,60,35,3,29,18,5,21,0,1,0,1,27,9,122,47,2,1,1,5,4,1,4,5,499,789,17,13413,1,0.3736635848805856,0.34367259960585855,0,0
44,3,5,16,1,16,6,2,13,0,5,1,5,36,24,164,76,0,2,0,1,4,3,1,3,399,419,49,20531,1,0.535424620903926,0.5401321405890533,1,1
100,63,180,52,5,50,43,14,43,1,0,0,0,5,1,312,6,2,1,1,9,3,0,4,3,699,1079,22,23738,0,0.2557135145832637,0.18549467187217916,0,0
83,45,121,31,5,49,31,13,40,5,0,0,0,7,3,317,14,1,0,1,7,2,1,3,4,999,1249,28,34972,0,0.25859776695357456,0.1919243562735157,0,0
60,24,47,28,4,29,13,2,10,0,6,1,5,35,12,160,82,0,2,0,1,4,4,0,1,299,319,41,13079,0,0.4240729344057497,0.511540810277702,0,1
76,41,129,49,4,43,30,11,36,6,0,0,0,12,2,208,19,2,1,1,10,2,0,5,4,699,1049,46,48254,0,0.18869391010485806,0.21862735209736733,0,0
62,47,99,35,5,50,26,12,18,2,0,0,0,11,0,184,10,4,1,0,4,4,1,5,5,699,1299,25,32475,0,0.33121248647788937,0.3512346208437692,0,0
42,9,28,27,3,23,10,4,2,0,0,0,0,33,11,151,83,1,1,0,2,4,1,3,1,399,559,8,4472,0,0.40030762733600594,0.4213143587304613,0,0
63,38,110,29,6,46,31,11,10,1,1,0,0,27,1,106,57,1,0,1,5,3,0,5,5,499,729,31,22599,0,0.3256890398614255,0.24976842605979085,0,0
83,12,24,25,3,29,22,11,6,1,2,1,1,16,3,232,21,0,1,0,1,4,2,2,5,299,409,17,6953,1,0.4181667061505119,0.33539835285699077,0,0
72,31,57,21,5,33,20,4,18,2,0,0,0,14,13,280,51,2,0,1,10,2,1,1,4,499,779,59,45961,0,0.2551651458425033,0.2688111660645533,0,0
67,24,65,21,4,39,24,11,17,0,2,1,1,20,12,238,55,0,1,0,4,4,1,5,5,399,509,31,15779,1,0.2774335399183478,0.3867529568646629,0,0
93,46,113,51,3,49,46,12,12,3,0,0,0,1,6,267,7,2,0,1,6,2,1,5,5,699,1059,13,13767,0,0.2119882375273987,0.12715343897231934,0,0
72,25,70,34,3,27,15,7,19,1,0,0,0,19,2,306,15,1,1,1,10,1,1,5,5,299,489,58,28362,0,0.22782277641048884,0.2035377208282872,0,0
60,16,31,32,2,23,9,7,18,1,2,1,2,16,12,309,18,1,1,1,9,3,1,1,4,299,489,59,28851,0,0.3298387913445307,0.3436719469280284,0,0
77,33,109,36,5,38,24,4,28,3,2,1,2,33,1,250,5,1,1,0,5,4,0,1,4,299,459,27,12393,0,0.2802470644569272,0.33937687378293235,0,0
86,24,52,20,4,37,28,7,17,1,1,0,1,27,2,124,8,2,0,1,9,2,0,4,5,399,709,30,21270,0,0.1943384478543815,0.16691133605981276,0,0
62,12,21,21,4,26,15,7,6,0,1,0,0,19,7,193,38,0,0,1,5,4,1,2,1,299,369,23,8487,0,0.3637713066992898,0.3242415866699556,0,0
39,9,27,14,3,24,3,3,6,0,3,1,2,32,14,172,61,1,0,0,3,4,1,2,3,399,549,39,21411,0,0.4844384118301347,0.5079515900452232,0,1
61,30,65,25,5,43,33,9,22,2,2,1,2,26,13,177,26,0,0,1,10,3,0,4,2,399,489,54,26406,1,0.2660897529117472,0.26287859651249507,0,0
38,12,24,11,4,24,8,6,6,0,2,1,0,69,25,174,143,0,2,0,5,4,3,1,3,499,559,35,19565,0,0.6325625027721955,0.6566987884506902,1,1
94,29,84,34,4,38,36,11,33,1,0,0,0,6,2,241,12,3,1,1,6,3,1,3,4,999,1469,30,44070,0,0.28349165860617875,0.18380942104643297,0,0
87,11,32,48,1,21,17,7,4,0,2,1,2,22,15,208,38,0,1,0,1,4,1,4,3,199,269,16,4304,0,0.3414793625186617,0.30096328293636343,0,0
65,12,40,26,4,27,18,5,2,0,2,1,0,23,15,31,125,0,2,0,3,4,2,1,1,199,249,12,2988,0,0.5148463987079493,0.45076868089824285,1,0
43,15,49,25,3,21,10,6,2,0,0,0,0,50,34,147,140,0,3,1,8,2,3,2,2,299,359,55,19745,1,0.5610292444273082,0.41468476765987033,1,0
46,12,23,19,4,33,22,8,5,1,2,1,2,37,12,51,37,0,1,0,1,4,1,3,2,199,279,31,8649,1,0.4479042296121868,0.3866601030816699,0,0
84,32,84,37,4,40,37,8,9,0,3,1,3,17,4,297,52,1,0,0,3,4,2,4,3,299,499,40,19960,0,0.36601624704348257,0.3407309063550106,0,0
54,12,31,29,2,27,12,10,18,0,2,1,1,22,6,294,50,0,1,1,6,4,1,1,3,399,499,50,24950,1,0.3692056266867146,0.419185937965961,0,0
76,32,76,37,3,42,26,13,18,4,2,1,2,3,5,215,13,2,0,0,8,3,0,4,5,999,1369,48,65712,0,0.2846599306347128,0.2965843655334793,0,0
100,58,154,56,4,48,45,9,15,6,2,1,1,3,0,183,15,2,1,1,10,4,0,6,3,699,1029,59,60711,0,0.30255454393135817,0.2957618832513634,0,0
22,6,17,24,2,14,1,3,9,0,3,1,0,67,49,105,134,0,3,0,1,4,1,2,3,299,329,3,987,0,0.6452854582174954,0.6198861741268816,1,1
91,41,73,31,6,47,44,11,16,3,2,1,2,1,3,248,16,4,1,1,6,3,1,5,4,699,1289,25,32225,0,0.19670278551348397,0.17550431049727733,0,0
51,4,8,24,1,12,3,1,8,0,3,1,2,64,35,43,150,0,1,0,6,4,3,1,3,199,209,58,12122,1,0.5447208427440736,0.6290582939618654,1,1
75,60,170,71,3,50,35,14,22,4,1,0,1,11,1,208,7,1,1,0,4,4,0,4,5,999,1259,14,17626,0,0.27547852824061475,0.25595604273062905,0,0
83,55,159,48,5,50,43,14,40,3,2,1,0,1,2,246,7,2,1,1,3,4,1,7,3,499,879,12,10548,0,0.2895439943425131,0.2810756997246679,0,0
68,12,32,24,2,17,12,4,10,0,6,1,6,27,29,155,131,0,1,1,1,4,4,0,2,499,539,8,4312,1,0.5026203324302844,0.45685943544643126,1,0
56,14,47,42,2,18,10,5,5,0,1,0,0,83,46,142,103,0,2,0,2,4,1,2,1,199,249,20,4980,0,0.538379567893988,0.4806638677227281,1,0
77,10,34,25,2,21,15,10,17,1,3,1,2,12,14,255,23,1,0,1,4,4,1,4,3,299,519,23,11937,1,0.40879828434822557,0.33019085709414403,0,0
46,4,7,15,1,20,7,6,7,0,1,0,0,40,19,108,64,1,0,1,5,3,1,2,3,399,579,27,15633,1,0.4532633326678171,0.3830151190157506,0,0
54,10,24,21,2,19,7,5,24,2,1,0,1,30,10,231,42,2,1,0,4,4,0,5,3,299,589,13,7657,0,0.3860795690095688,0.4138181697719878,0,0
70,39,85,28,5,44,30,9,34,3,0,0,0,3,0,315,2,2,1,1,10,3,0,4,5,699,1029,53,54537,0,0.19453961299586425,0.2665215637802979,0,0
25,15,37,28,3,26,5,5,11,0,6,1,4,46,8,175,149,0,2,0,1,4,1,2,2,299,349,29,10121,1,0.5056242124146518,0.5780723570730805,1,1
48,16,44,37,2,26,11,9,18,1,0,0,0,7,2,157,21,2,1,1,5,4,0,1,4,499,829,8,6632,0,0.39269467818641457,0.3121745139717389,0,0
58,1,5,17,1,14,11,1,0,0,5,1,3,49,15,39,155,0,1,0,1,4,2,1,1,399,409,28,11452,1,0.5361264814819742,0.5361969027913516,1,1
73,12,22,16,3,31,19,8,26,3,1,0,0,15,10,278,58,2,1,1,10,1,2,4,2,299,619,51,31569,1,0.34488051331457015,0.23878845355595016,0,0
73,40,130,31,5,47,37,10,17,1,3,1,3,27,6,297,31,1,1,0,1,4,0,4,4,399,619,30,18570,0,0.43104305509028396,0.31318692671514137,0,0
98,52,118,34,4,50,47,12,12,3,0,0,0,12,6,210,4,2,0,1,10,1,0,6,4,699,1059,44,46596,0,0.11356619961890006,0.1283380668579857,0,0
84,24,48,23,3,28,17,5,21,3,3,1,2,26,13,222,50,1,1,1,7,3,1,3,5,499,669,53,35457,0,0.3293684330346208,0.32012389773937283,0,0
93,31,65,29,6,42,38,11,21,2,2,1,2,12,3,360,17,2,1,1,3,4,0,3,5,999,1349,23,31027,0,0.2337255871602233,0.17342358707833805,0,0
90,45,153,37,6,50,47,13,28,7,1,0,1,1,3,212,12,2,0,1,9,1,0,3,4,499,869,54,46926,0,0.16701493576220441,0.1355022329696719,0,0
99,56,121,35,5,50,47,12,17,3,0,0,0,9,5,206,11,2,0,1,10,2,0,3,4,699,1059,33,34947,0,0.10449019823432971,0.15046402511624532,0,0
78,20,64,30,5,31,28,4,9,0,0,0,0,7,6,231,13,2,0,0,3,4,2,1,5,299,579,8,4632,0,0.31768116383476014,0.2946376739207083,0,0
52,16,39,24,3,31,11,6,15,1,0,0,0,47,13,139,42,0,1,1,7,3,2,1,2,299,359,24,8616,0,0.3272494624827946,0.37541649323758625,0,0
48,5,9,25,1,10,5,4,14,0,6,1,5,43,13,141,89,0,1,1,1,4,4,2,1,299,339,8,2712,0,0.5024378149003936,0.557982926152102,1,1
51,24,54,27,4,35,13,7,7,0,2,1,1,59,13,114,148,0,2,0,5,4,1,0,3,299,369,42,15498,1,0.6823262860457503,0.5337581562169262,1,1
93,42,115,31,6,50,46,8,23,2,2,1,1,3,0,235,16,4,1,1,9,2,0,7,3,699,1259,50,62950,1,0.20962185946720924,0.17343598603249433,0,0
82,43,146,33,6,50,39,13,36,5,0,0,0,12,0,247,19,3,1,1,9,3,0,3,5,699,1189,34,40426,0,0.18419056147298227,0.2314506596836405,0,0
85,45,92,29,6,50,47,12,37,7,1,0,0,8,3,320,1,4,1,1,9,2,0,5,3,699,1299,26,33774,0,0.2682129022107235,0.15706700663653092,0,0
67,33,82,32,6,41,26,8,14,6,0,0,0,2,1,348,18,2,0,1,10,2,0,4,5,999,1319,58,76502,0,0.22848918298212254,0.2222047140336404,0,0
68,32,74,30,4,35,20,6,6,1,3,1,2,11,3,257,9,0,2,1,5,4,2,4,5,299,359,33,11847,1,0.2439803117120748,0.3570249267076011,0,0
65,32,62,21,5,46,24,11,37,2,2,1,1,6,0,194,8,2,1,1,5,4,0,3,4,699,1049,45,47205,1,0.2617006648560613,0.32636612343258875,0,0
58,30,94,23,6,35,21,4,9,1,2,1,2,22,3,282,43,2,0,1,9,3,2,5,2,499,779,56,43624,0,0.30307374937188836,0.3812385637083079,0,0
54,0,5,22,0,12,6,5,0,0,5,1,5,22,19,110,176,0,3,0,1,4,1,0,2,399,449,37,16613,0,0.5020267667639198,0.48258628943803794,1,0
62,4,12,11,2,15,10,5,7,0,2,1,2,33,11,66,108,0,1,0,4,4,2,1,2,399,449,40,17960,0,0.5433567432517407,0.5026104248525837,1,1
71,24,69,28,3,33,22,4,9,3,3,1,2,12,12,267,12,1,1,1,5,4,1,1,4,499,659,51,33609,0,0.3858170399604644,0.3456447480231418,0,0
77,35,67,29,5,45,36,8,18,1,1,0,1,34,1,186,30,2,0,1,8,4,0,5,3,499,819,33,27027,0,0.18983187287546582,0.2665208662720921,0,0
68,42,80,28,6,45,34,5,10,3,0,0,0,13,12,243,42,1,1,0,7,4,2,2,5,299,469,31,14539,0,0.31431568295822593,0.37840439338843945,0,0
54,16,39,37,2,32,16,11,14,1,0,0,0,17,11,272,39,1,0,0,8,4,1,1,2,399,629,34,21386,1,0.34536783071188165,0.4167280082011637,0,0
70,27,64,25,5,42,26,8,31,5,2,1,2,8,7,184,5,2,1,1,8,4,0,5,5,699,1019,38,38722,0,0.230082991597897,0.28811545731688376,0,0
69,33,63,19,5,37,26,7,14,0,3,1,3,29,24,84,58,0,2,0,1,4,0,2,2,399,469,25,11725,0,0.36711856663768416,0.317966305524583,0,0
33,12,32,22,2,20,4,2,10,0,4,1,4,36,27,107,130,0,2,0,4,4,2,0,1,199,219,56,12264,1,0.5632332098897901,0.57886430316316,1,1
70,42,129,36,6,50,29,8,11,5,0,0,0,6,4,325,5,1,0,1,6,2,1,7,5,999,1199,36,43164,0,0.1864216105705262,0.18041554239311167,0,0
69,12,34,25,2,20,11,5,8,1,0,0,0,40,9,184,59,0,1,0,4,4,0,0,3,399,449,8,3592,0,0.44231651992590076,0.3742336854623616,0,0
35,10,28,36,1,13,5,2,6,0,1,0,1,20,43,42,130,0,3,0,1,4,1,2,1,199,219,8,1752,1,0.526379929257056,0.48404866165244603,1,0
63,5,9,25,1,14,9,4,1,0,2,1,2,88,15,143,87,0,3,1,6,3,1,0,1,299,339,53,17967,0,0.42006635240353346,0.3955755320586826,0,0
57,3,7,12,1,14,9,1,2,0,1,0,0,77,21,82,51,0,3,0,5,4,2,1,1,199,209,39,8151,1,0.4666956213646306,0.5246585572293779,0,1
89,54,172,36,7,50,42,14,37,3,1,0,1,13,2,213,10,3,0,1,9,1,0,3,5,999,1499,55,82445,0,0.2314394834999665,0.1673654033153971,0,0
63,12,40,31,2,28,17,7,13,0,2,1,0,23,13,199,41,1,1,1,5,4,2,3,2,299,489,41,20049,1,0.3256110615507174,0.4150558038060949,0,0
94,53,165,68,3,47,44,10,25,5,0,0,0,4,3,240,9,1,1,1,8,4,0,5,3,699,919,10,9190,0,0.23013708876090688,0.20121455978128794,0,0
100,44,140,42,5,47,44,9,43,5,0,0,0,10,4,266,17,3,1,1,9,2,1,3,5,699,1149,8,9192,0,0.295591257620543,0.14144760187558114,0,0
50,16,40,30,2,23,12,3,6,0,4,1,2,57,32,109,95,0,1,0,5,4,3,2,2,499,529,54,28566,0,0.6032025108651532,0.5880396889196198,1,1
37,8,22,23,2,27,8,8,10,0,1,0,0,40,24,110,16,1,0,1,6,3,2,3,4,199,399,41,16359,0,0.39522192857256855,0.40021705858058926,0,0
36,2,5,15,2,14,5,1,9,0,1,0,0,77,36,129,172,0,1,0,7,4,1,2,2,399,409,51,20859,1,0.5805396758896864,0.6090668778872339,1,1
90,31,106,39,5,43,40,11,28,3,1,0,0,12,2,363,4,2,0,1,10,1,1,5,3,499,849,56,47544,0,0.25539332481768845,0.15044440761615083,0,0
45,12,29,24,2,24,6,8,5,1,3,1,2,26,3,240,18,1,1,1,7,4,2,2,5,299,499,53,26447,1,0.44504932215276644,0.4918182485193872,0,0
81,49,93,43,3,47,41,14,23,1,1,0,0,2,7,304,12,2,1,1,5,4,0,6,3,999,1379,27,37233,0,0.23634351389824682,0.22817286996243272,0,0
77,9,30,16,4,17,14,2,5,0,4,1,4,29,15,125,72,0,1,0,6,4,0,1,2,199,219,41,8979,1,0.4125783883557058,0.3382987062597187,0,0
89,42,139,38,7,50,47,13,18,3,0,0,0,8,2,253,10,1,0,0,9,2,0,3,5,699,949,36,34164,0,0.14612570938867642,0.1516406760951846,0,0
62,32,111,44,4,38,24,9,29,2,0,0,0,33,8,310,45,1,0,1,6,4,1,5,3,399,609,18,10962,1,0.3339034804654177,0.36227600085883493,0,0
28,9,31,25,3,18,7,4,11,0,6,1,4,57,32,123,45,0,1,1,1,4,3,1,3,199,239,13,3107,1,0.49740070215484605,0.5459032188856199,0,1
73,22,53,27,4,33,20,4,22,1,2,1,1,26,8,249,50,2,0,1,4,4,0,2,5,299,579,26,15054,0,0.2308153790878013,0.32447881301978754,0,0
53,16,53,26,4,29,21,7,21,1,3,1,3,22,7,112,23,1,1,0,1,4,2,3,4,399,589,32,18848,0,0.3508275193307405,0.40589133780530195,0,0
48,12,29,26,2,23,13,4,8,2,2,1,2,16,14,209,21,0,1,1,5,4,2,1,3,499,539,25,13475,0,0.4002435280255853,0.4074092996277685,0,0
80,10,27,20,2,26,19,10,21,2,1,0,1,20,4,266,16,1,2,1,9,3,2,4,3,399,619,35,21665,1,0.23822052223669896,0.29010133560817275,0,0
54,48,110,37,6,45,25,7,10,3,0,0,0,27,14,199,29,2,2,1,7,4,2,4,3,499,809,35,28315,0,0.41524741679765736,0.39941605276244196,0,0
46,28,97,38,4,40,20,7,14,2,1,0,0,8,10,198,53,1,1,0,7,2,2,4,5,399,589,56,32984,0,0.32500300812370503,0.3434014862303936,0,0
73,10,25,18,2,27,15,10,9,1,2,1,1,25,13,220,37,2,1,1,7,4,2,3,4,499,839,24,20136,0,0.42947592053827066,0.3949716240241622,0,0
41,6,11,22,3,19,7,2,1,0,5,1,5,40,23,60,68,0,1,0,2,4,3,0,1,399,419,41,17179,0,0.3830977860009568,0.5022690329724534,0,1
91,50,131,40,5,50,46,12,40,5,0,0,0,12,1,262,9,3,0,1,10,3,1,6,4,699,1179,51,60129,0,0.27918030077589806,0.27008298572289074,0,0
42,10,21,28,2,16,7,5,5,0,5,1,3,79,42,47,109,0,1,0,1,4,3,2,1,299,349,27,9423,1,0.5261134084938323,0.6098483242310893,1,1
49,12,30,26,2,21,11,6,16,1,1,0,1,30,19,91,62,0,2,0,4,3,0,0,3,199,259,39,10101,1,0.33952769965811463,0.3456945130905708,0,0
46,2,5,15,1,18,7,5,7,0,5,1,3,67,49,132,159,0,1,0,1,4,2,0,1,399,449,24,10776,0,0.5349866216222391,0.5911025897846505,1,1
80,31,64,17,6,40,34,10,31,2,0,0,0,9,1,248,28,2,1,1,4,4,1,3,5,699,1039,15,15585,0,0.1708029112086639,0.239959913299328,0,0
46,20,45,21,4,37,16,8,17,1,2,1,1,25,12,309,57,1,0,1,7,3,1,1,4,399,599,41,24559,1,0.30390259330051594,0.37706464559574737,0,0
64,20,48,26,4,29,17,8,24,0,2,1,0,8,12,156,7,2,2,1,3,4,2,3,5,299,619,28,17332,0,0.28246551737160347,0.3701900079343452,0,0
75,16,53,45,2,32,23,9,20,0,2,1,0,31,6,203,13,2,0,0,5,4,1,2,2,399,729,46,33534,1,0.42554748312428115,0.38969568141728306,0,0
76,22,66,22,4,31,22,5,5,0,4,1,4,71,27,144,166,0,2,0,4,4,2,1,4,399,449,33,14817,0,0.5941913582929883,0.4841204443267748,1,0
33,6,14,9,3,21,5,5,3,0,2,1,0,38,13,39,129,0,1,0,3,4,2,2,3,399,449,43,19307,0,0.5549127815046833,0.6038978859381527,1,1
100,60,154,41,7,50,47,9,41,3,0,0,0,10,0,307,10,3,0,1,10,2,0,7,5,699,1149,57,65493,0,0.2343078171419416,0.18074201430647693,0,0
100,19,59,41,2,33,31,9,29,3,1,0,0,6,5,227,6,0,0,1,9,2,1,5,5,299,389,28,10892,0,0.274757087986767,0.15779953823895682,0,0
48,36,97,25,5,39,10,4,14,0,1,0,0,13,13,90,19,0,0,0,1,4,0,0,5,299,339,4,1356,1,0.42993865950678734,0.383812936780689,0,0
51,42,119,26,6,45,25,6,28,3,1,0,1,16,2,103,20,1,2,1,10,3,2,5,4,499,679,56,38024,1,0.3620635565566437,0.36757135895317716,0,0
56,9,16,17,3,19,16,4,7,0,3,1,3,44,4,70,51,1,1,1,3,4,2,1,4,199,359,25,8975,0,0.4115544016488394,0.4256827900447638,0,0
41,20,56,20,4,24,6,2,2,1,3,1,3,15,3,213,70,0,1,1,1,4,2,1,2,199,219,31,6789,1,0.4602156016683723,0.4621089219556924,0,0
93,55,168,53,4,50,43,8,21,4,1,0,1,3,0,303,8,1,1,1,10,1,1,3,3,499,699,51,35649,0,0.21054402877983566,0.14976737759259312,0,0
74,18,46,20,3,33,24,8,29,0,1,0,1,11,3,289,46,0,1,1,4,4,0,2,2,399,479,19,9101,1,0.2973187838880792,0.27118779850804114,0,0
62,48,99,28,6,47,27,7,17,3,3,1,2,28,7,131,49,0,0,1,1,4,2,3,4,399,469,9,4221,0,0.24586638679358838,0.38826087342108245,0,0
100,42,105,24,6,50,47,10,27,3,0,0,0,13,1,305,18,2,0,1,10,1,0,7,5,499,839,33,27687,0,0.2170498296416992,0.11114669173480733,0,0
58,12,31,20,3,27,13,6,25,2,3,1,3,23,8,282,11,2,2,1,8,3,0,2,4,399,699,52,36348,1,0.3400402445646625,0.31035011792680045,0,0
44,3,7,25,1,13,5,2,6,0,2,1,0,26,17,40,101,0,1,0,3,4,3,2,1,199,219,31,6789,0,0.37982229946465185,0.5883838012098503,0,1
37,8,27,11,4,30,8,7,13,0,2,1,1,68,10,174,108,0,1,0,1,4,1,0,2,299,369,13,4797,0,0.5463157414316949,0.5457965021716555,1,1
69,54,169,48,4,45,30,8,14,5,1,0,1,4,1,305,19,4,1,1,7,4,1,4,4,699,1259,32,40288,1,0.3240854214591194,0.365414367916493,0,0
51,16,55,46,2,21,11,1,2,0,4,1,2,52,33,76,79,0,1,0,1,4,2,0,4,299,309,16,4944,1,0.4942262766614584,0.4935265204419798,0,0
66,31,81,30,5,42,27,12,30,6,1,0,0,14,3,251,1,1,1,1,9,2,1,7,3,499,739,54,39906,0,0.31853062344566724,0.2397610357836142,0,0
52,24,58,25,6,32,16,4,11,1,2,1,0,15,13,146,25,2,2,0,2,4,1,4,2,399,679,31,21049,0,0.40550869142554236,0.38807310436921694,0,0
61,31,101,38,3,36,23,7,29,3,2,1,2,28,10,269,29,2,0,0,3,4,2,5,2,299,609,35,21315,0,0.4683622818580661,0.47820160372364584,0,0
75,43,109,45,4,43,37,10,38,7,2,1,2,14,2,271,3,1,0,1,7,4,0,5,5,999,1219,35,42665,0,0.245342740533651,0.290629514924302,0,0
55,12,25,20,2,28,17,9,15,2,1,0,0,17,7,292,10,1,1,1,8,3,1,5,2,499,709,38,26942,0,0.3127013711512937,0.3168843450589849,0,0
75,44,84,27,7,50,33,12,27,5,1,0,1,6,2,194,10,4,0,1,6,4,1,3,4,699,1299,9,11691,1,0.23533715607512481,0.23387561249804592,0,0
40,0,5,24,0,12,4,2,7,0,5,1,0,83,33,138,101,0,2,0,2,4,3,2,3,399,419,45,18855,1,0.5763070953102615,0.6791493323990266,1,1
76,20,51,24,4,35,27,9,12,2,0,0,0,14,7,256,40,1,1,0,9,3,0,3,2,399,609,38,23142,0,0.11129740524144499,0.25745424001715705,0,0
60,12,34,30,3,23,12,6,11,0,6,1,6,17,22,174,141,0,1,0,1,4,4,1,2,199,259,27,6993,1,0.4196835941400145,0.5118794960568166,0,1
85,23,50,25,5,27,19,3,13,0,0,0,0,44,17,137,27,0,0,0,9,2,0,3,3,299,329,52,17108,0,0.22638049607590655,0.20348591447447642,0,0
63,15,30,23,4,30,17,6,10,0,2,1,2,62,11,90,62,0,2,0,7,3,4,1,1,499,559,43,24037,1,0.4912889604688743,0.459079113773402,0,0
79,36,109,41,4,48,26,14,37,1,2,1,1,11,2,222,11,1,1,1,9,4,0,6,4,999,1259,40,50360,0,0.21583718955387,0.29380986432832507,0,0
80,52,100,39,5,46,39,8,10,1,1,0,1,13,2,286,13,3,1,1,7,4,0,4,4,499,939,31,29109,0,0.3196939904227847,0.2525506599135759,0,0
80,12,28,29,2,28,23,7,16,2,0,0,0,33,8,203,7,1,1,0,6,4,0,1,3,499,689,29,19981,0,0.32919641600350746,0.29730447143365146,0,0
78,14,32,26,2,21,17,4,5,0,0,0,0,6,1,312,48,1,1,0,8,2,0,4,5,499,659,29,19111,0,0.29677107885744664,0.2146033287554065,0,0
41,3,8,16,1,13,7,5,1,0,5,1,4,83,49,51,113,0,2,0,1,4,1,2,1,299,349,3,1047,1,0.4891303299837866,0.5486051298456969,0,1
37,10,19,11,3,19,7,2,4,0,4,1,3,41,32,162,91,0,1,0,4,4,3,1,1,399,419,49,20531,0,0.5351270476158825,0.5915230918077773,1,1
42,15,47,25,3,25,7,4,4,0,1,0,0,86,19,93,91,0,1,0,1,4,2,0,3,199,239,4,956,0,0.5180386781417821,0.5793205576737565,1,1
78,55,116,35,5,50,43,9,29,1,0,0,0,2,0,220,17,2,0,0,5,4,0,3,4,699,1029,8,8232,0,0.1930179306596608,0.25338173987731794,0,0
54,16,53,32,2,34,20,11,18,3,1,0,1,28,3,186,31,2,0,1,4,4,2,3,4,299,649,20,12980,1,0.41857770326805693,0.40434767764144813,0,0
63,9,18,20,3,27,14,6,4,0,5,1,3,20,21,32,102,0,1,1,1,4,2,1,2,199,259,24,6216,1,0.4972005593330892,0.3897046413079572,0,0
69,30,72,17,7,46,33,14,12,6,0,0,0,1,1,337,13,2,1,1,4,4,0,5,3,499,879,18,15822,0,0.22358943871641407,0.224950726748506,0,0
78,32,96,32,5,48,37,12,24,5,2,1,2,4,7,190,14,2,1,1,10,2,1,6,3,699,1059,44,46596,0,0.3142202337690177,0.19939920702715588,0,0
62,30,59,20,6,37,18,5,19,2,3,1,3,16,7,165,53,0,1,0,6,3,0,1,4,299,349,45,15705,1,0.22691114305713175,0.29930572045987414,0,0
78,15,45,25,5,32,24,5,10,0,0,0,0,20,16,59,84,0,1,0,5,3,1,1,3,399,449,34,15266,1,0.3672514614864368,0.24728799770604648,0,0
44,5,11,26,1,7,2,1,7,0,3,1,3,40,39,120,97,0,3,1,5,4,1,1,3,299,309,55,16995,0,0.48725681991467423,0.4620579421643539,0,0
100,36,75,27,4,46,41,10,13,0,3,1,2,12,1,174,37,1,0,1,6,4,1,1,5,499,719,39,28041,0,0.3477031579905216,0.2597141320041496,0,0
81,30,61,30,4,36,31,5,17,2,0,0,0,13,1,244,49,2,0,0,8,3,1,5,2,399,689,51,35139,0,0.170081070490543,0.30033261013126694,0,0
56,20,62,20,4,22,12,2,6,0,6,1,6,49,19,178,113,0,1,0,1,4,2,0,2,299,319,9,2871,0,0.5413397505653572,0.5009458945337607,1,1
61,24,80,36,3,33,22,6,6,0,4,1,0,20,15,71,84,0,2,0,4,4,3,0,3,299,359,44,15796,0,0.368525307524017,0.5158969748808494,0,1
74,32,94,32,4,37,29,11,27,3,3,1,0,15,7,263,29,2,0,0,1,4,0,3,3,399,749,13,9737,1,0.3561408440759077,0.35287771384350675,0,0
87,25,65,22,5,34,26,6,14,2,0,0,0,13,7,117,32,2,2,1,9,3,1,5,3,499,799,42,33558,0,0.1858552219476003,0.22974681308387243,0,0
82,40,118,37,5,46,31,5,17,2,1,0,1,31,5,259,43,1,0,1,8,3,0,4,5,299,469,30,14070,1,0.22406974764270315,0.23098823432577104,0,0
77,15,30,18,3,23,17,6,9,0,0,0,0,30,6,69,68,0,1,0,5,3,0,0,4,399,459,36,16524,1,0.3932620418128849,0.2844902036895955,0,0
56,6,13,16,2,17,12,3,9,0,5,1,2,66,26,134,146,0,3,0,1,4,3,0,3,199,229,4,916,1,0.5730029625295885,0.6151979660658845,1,1
78,48,128,44,4,47,44,11,10,2,2,1,2,13,0,309,1,2,1,1,8,3,0,4,5,699,1049,31,32519,0,0.2634031401533116,0.21492285178558407,0,0
51,1,5,19,1,12,6,1,0,0,3,1,3,49,45,127,46,0,2,0,2,4,3,1,2,299,309,18,5562,1,0.5671410980555329,0.5097093355469874,1,1
58,48,89,24,6,50,25,10,8,1,2,1,2,15,12,146,46,1,0,0,4,4,2,5,2,399,619,23,14237,1,0.35846523239054573,0.4243381734778739,0,0
84,48,87,30,6,50,47,11,17,1,2,1,2,15,6,292,13,1,1,1,6,4,1,2,2,499,729,13,9477,0,0.26600154332357634,0.2388059046213407,0,0
68,39,101,36,4,46,37,10,22,4,0,0,0,3,1,263,8,1,1,1,4,4,1,3,5,999,1219,10,12190,0,0.2477334171345673,0.23196209034302118,0,0
90,48,166,46,6,50,47,12,14,5,2,1,2,5,1,299,18,1,1,1,6,4,0,3,3,499,739,20,14780,0,0.25586563206965107,0.21844978928330558,0,0
87,39,75,18,6,44,40,9,16,1,0,0,0,1,2,349,18,4,0,1,10,2,0,3,4,999,1569,42,65898,0,0.14584521081464347,0.16865093678896625,0,0
89,55,144,35,6,50,38,8,20,1,2,1,0,9,4,277,14,4,1,1,6,4,0,4,5,999,1559,34,53006,0,0.19031636082578934,0.27829933403130475,0,0
69,30,91,21,6,42,30,6,13,2,2,1,0,33,4,156,13,2,2,0,2,4,0,5,4,299,599,5,2995,0,0.2715950746447247,0.3202023430522929,0,0
68,2,6,14,1,11,6,2,8,0,6,1,6,30,23,38,60,0,2,1,1,4,3,0,2,499,519,26,13494,1,0.5084139525468352,0.4071914984644988,1,0
43,4,10,25,1,20,8,5,6,0,6,1,4,25,17,103,132,0,1,0,1,4,1,0,3,199,249,34,8466,1,0.46994304404698134,0.5038658699310445,0,1
76,28,64,24,4,33,16,9,21,2,2,1,2,12,10,183,21,0,0,0,7,3,1,4,3,399,489,38,18582,0,0.21473732955340305,0.3179984111741373,0,0
36,8,18,16,2,19,5,6,7,1,0,0,0,20,14,131,88,1,2,0,2,4,2,3,2,299,479,13,6227,1,0.4645545350275841,0.522184188210009,0,1
43,0,5,22,0,7,2,4,9,0,5,1,5,79,33,77,65,0,3,0,1,4,3,2,3,199,239,21,5019,1,0.6520724023270531,0.5992731210543716,1,1
81,36,104,26,6,46,37,9,9,1,2,1,0,19,9,239,51,0,1,1,8,3,2,5,3,499,589,56,32984,1,0.3725599028984461,0.2900597971568307,0,0
59,40,133,35,5,47,27,7,7,1,1,0,1,29,8,225,13,0,2,1,4,3,2,3,5,399,469,11,5159,0,0.3186755725483845,0.2833129127488011,0,0
48,16,46,26,4,28,12,8,21,3,2,1,1,17,2,220,25,0,0,0,6,3,2,2,2,399,479,50,23950,0,0.4012945274589983,0.42506063561368035,0,0
79,16,54,23,4,24,19,5,24,1,3,1,2,25,4,157,54,0,1,0,8,4,0,1,4,499,549,48,26352,0,0.33511060745587407,0.36517391985074593,0,0
59,20,61,23,5,33,18,9,14,0,1,0,1,34,13,175,47,0,2,1,6,2,2,5,4,499,589,41,24149,0,0.3055743515730523,0.24773378359765272,0,0
88,28,61,27,5,43,27,13,15,5,0,0,0,17,0,197,0,4,1,1,10,2,0,5,4,999,1609,56,90104,1,0.2875804566922945,0.20367799391000008,0,0
85,40,133,40,4,43,35,12,10,7,0,0,0,11,4,323,12,1,1,1,10,3,0,5,4,699,939,24,22536,0,0.2067563100587717,0.21098426667832904,0,0
75,46,116,34,7,50,39,11,28,1,2,1,2,7,4,229,15,4,0,1,5,4,0,6,4,699,1289,14,18046,0,0.15310573097254504,0.21503203503629853,0,0
99,57,150,41,5,48,45,8,30,3,0,0,0,9,0,310,5,3,1,1,8,4,0,6,3,699,1139,29,33031,0,0.2391544693540464,0.23461955482571217,0,0
67,9,27,19,3,22,14,7,4,0,4,1,3,69,33,165,143,0,1,0,5,4,2,1,1,299,369,46,16974,1,0.6368764337061473,0.5222959843445522,1,1
61,21,64,35,3,33,21,7,17,1,0,0,0,43,20,82,82,0,0,0,7,2,0,1,4,299,369,57,21033,0,0.37034393443423197,0.27461622506427796,0,0
54,15,51,39,2,22,12,5,12,0,2,1,0,15,20,161,81,1,1,0,3,4,0,3,2,399,569,41,23329,0,0.4894156369986203,0.4243659684884168,0,0
70,58,180,30,7,50,40,8,24,6,2,1,2,6,1,232,8,1,0,1,7,4,0,3,4,699,899,46,41354,0,0.428403200965476,0.33416531327196336,0,0
34,10,30,21,2,21,10,2,8,0,1,0,0,64,42,128,175,0,3,0,2,4,2,1,3,199,219,16,3504,1,0.5224956334605286,0.6102645193650433,1,1
91,61,180,52,5,50,45,8,24,3,0,0,0,4,1,343,7,3,1,1,7,2,0,6,4,999,1439,31,44609,0,0.24187092951153388,0.14831816670306855,0,0
87,50,122,46,3,48,37,9,28,3,1,0,1,2,2,320,6,3,1,1,9,2,0,2,3,999,1449,53,76797,0,0.21336807065802504,0.20722427785489747,0,0
87,47,162,59,4,50,41,13,33,5,2,1,1,10,0,322,3,2,0,1,5,4,0,3,3,699,1069,13,13897,0,0.2623493417253663,0.23443572642568522,0,0
60,0,5,13,0,10,5,6,3,0,1,0,0,43,21,80,67,0,2,0,5,4,3,1,1,399,459,20,9180,1,0.6824234744258645,0.545159985792528,1,1
64,24,82,36,4,30,23,4,6,2,1,0,1,10,11,203,34,0,2,1,6,4,1,1,3,499,539,29,15631,0,0.31511512857714274,0.2942852338134559,0,0
53,15,38,25,3,23,11,7,15,2,2,1,1,7,13,107,51,0,0,0,5,4,0,3,3,399,469,24,11256,1,0.3386935101538211,0.404026596763247,0,0
86,43,140,36,5,50,42,14,36,5,2,1,2,3,4,321,5,3,1,1,6,4,1,6,4,699,1199,21,25179,0,0.23812278003740625,0.264276811835229,0,0
58,30,100,38,5,38,22,8,21,0,1,0,1,7,6,214,9,0,2,1,8,2,1,2,4,499,579,54,31266,0,0.2068424147966125,0.20757153070867398,0,0
68,24,45,12,6,32,22,5,12,1,2,1,1,13,5,179,57,0,2,1,7,4,2,3,2,499,549,32,17568,0,0.2948624728154619,0.3639530270576614,0,0
32,4,13,32,1,14,6,8,12,0,1,0,0,37,13,175,55,1,0,0,8,2,1,2,2,399,599,50,29950,1,0.4923012015546872,0.40891148101317726,0,0
75,40,104,39,5,47,35,8,33,3,1,0,0,17,1,323,1,2,0,1,9,1,1,6,4,999,1319,49,64631,0,0.3276776206659253,0.17796366764003538,0,0
76,20,41,16,5,29,25,4,12,1,3,1,2,5,3,318,8,1,1,1,10,3,2,3,2,399,559,59,32981,1,0.3458867585544181,0.29038333736608357,0,0
85,50,170,50,5,50,47,10,23,6,0,0,0,9,4,243,6,4,1,1,8,2,0,7,5,699,1279,45,57555,0,0.19615002521761196,0.1810429906756773,0,0
62,32,66,24,5,44,23,10,21,1,3,1,1,27,7,231,57,1,1,0,3,4,0,1,4,499,719,21,15099,1,0.27505919247675803,0.3757285671157563,0,0
59,48,88,19,6,49,19,6,7,2,2,1,2,21,10,228,33,0,2,1,6,3,0,2,4,499,559,31,17329,0,0.28405788118539044,0.27911947818642147,0,0
90,58,130,32,6,50,42,11,15,3,1,0,0,14,0,323,4,4,0,1,6,3,1,3,5,699,1289,14,18046,0,0.177893518872676,0.2059573161273958,0,0
65,12,22,22,3,22,17,5,9,0,2,1,0,21,21,177,88,0,2,1,4,4,2,4,4,399,449,22,9878,0,0.3955217671936183,0.39998780966681863,0,0
72,47,94,29,5,47,42,6,13,1,1,0,0,20,3,133,25,0,1,1,7,3,0,4,4,299,359,27,9693,0,0.21769895155063537,0.2229139779814893,0,0
81,26,62,28,4,34,26,5,23,1,2,1,2,16,4,269,39,2,0,1,2,4,1,4,3,399,689,12,8268,0,0.3147304852147584,0.2837881352543517,0,0
85,55,122,36,5,50,41,12,22,2,0,0,0,8,0,336,14,1,0,0,6,2,1,6,4,999,1239,43,53277,0,0.18947812878753095,0.21739193021945993,0,0
77,50,141,30,7,50,40,10,28,1,2,1,1,9,10,201,47,2,0,0,6,4,1,5,4,299,639,47,30033,1,0.41101322515291605,0.38106776135518755,0,0
57,16,50,20,4,28,14,9,8,3,1,0,0,27,11,303,31,0,2,1,10,3,0,2,3,399,489,59,28851,0,0.25946229175659713,0.3057007341510116,0,0
82,46,120,39,5,50,41,8,17,1,0,0,0,11,3,199,11,3,0,1,10,1,0,3,4,499,939,51,47889,0,0.14183805376589873,0.14562417951876264,0,0
70,59,136,32,5,50,42,9,30,5,1,0,0,8,0,288,13,3,1,0,6,3,0,6,5,999,1449,48,69552,0,0.2017365980223747,0.33575131036855016,0,0
92,40,103,33,4,38,33,7,23,1,0,0,0,15,5,319,19,2,1,1,8,3,1,3,3,999,1309,27,35343,0,0.2829396644395597,0.2137986261542703,0,0
45,16,42,28,2,27,11,5,24,0,1,0,1,7,6,150,38,1,2,1,7,3,0,4,3,499,669,49,32781,0,0.25258004985375776,0.30655838771280924,0,0
65,28,71,23,6,40,22,11,16,3,0,0,0,16,5,325,9,3,1,1,9,2,0,5,5,999,1469,24,35256,0,0.19083132740844802,0.16818075584494857,0,0
72,59,167,39,6,50,34,13,38,7,1,0,0,6,2,359,4,3,1,1,3,3,1,5,3,699,1189,20,23780,0,0.30444386037943605,0.2657329416729291,0,0
68,35,94,37,4,43,30,11,23,2,0,0,0,14,0,280,13,1,1,1,3,4,0,7,3,499,729,10,7290,0,0.25484804126578686,0.24654955315991733,0,0
34,8,19,27,2,19,5,7,5,0,0,0,0,45,22,125,61,0,1,0,4,3,2,2,1,399,469,47,22043,1,0.5245442567765999,0.4567504217850094,1,0
89,46,141,30,6,50,32,13,16,6,2,1,2,9,1,216,2,4,1,1,7,4,1,6,3,699,1309,19,24871,0,0.20792690166506284,0.2714791803859938,0,0
58,20,55,32,3,24,14,6,11,1,1,0,1,22,15,199,87,1,2,0,3,4,1,1,2,399,579,23,13317,1,0.38939407196593473,0.41036107359899443,0,0
80,60,166,40,5,50,31,12,22,2,0,0,0,14,2,230,9,2,1,0,8,2,0,7,4,999,1359,51,69309,1,0.2513367191062447,0.260683386826019,0,0
93,48,117,31,7,50,47,11,35,3,0,0,0,13,1,364,0,1,0,1,4,4,0,6,5,999,1229,13,15977,0,0.22548892360356831,0.16099062854756827,0,0
25,10,25,30,2,26,7,7,5,0,3,1,1,63,19,58,82,0,2,0,1,4,2,1,3,399,469,16,7504,1,0.5543233109386172,0.5784991978820406,1,1
87,45,127,32,5,50,35,9,36,1,0,0,0,8,4,354,2,4,0,1,10,1,0,7,3,999,1569,59,92571,0,0.30041192251560306,0.18208161364609135,0,0
50,5,17,31,1,22,6,7,5,1,0,0,0,29,11,114,17,0,0,0,4,4,0,4,3,399,469,20,9380,0,0.3468357826610265,0.36903809961081735,0,0
54,8,24,29,2,15,7,3,13,0,2,1,0,13,10,109,79,1,0,1,4,4,0,0,4,199,349,21,7329,0,0.4042334351626827,0.40786642457488564,0,0
63,28,76,24,5,36,27,8,16,1,0,0,0,1,2,357,28,3,1,0,4,4,0,5,4,699,1139,17,19363,0,0.3242064385620658,0.2836896847863587,0,0
77,16,52,31,4,32,28,10,10,2,0,0,0,5,5,127,44,0,1,1,10,1,1,1,2,299,399,51,20349,0,0.2963886567128286,0.1445954461138407,0,0
52,2,6,9,2,14,5,4,7,0,3,1,3,21,25,142,165,0,2,0,2,4,3,1,1,199,239,35,8365,1,0.5347626451508437,0.5708334937533714,1,1
72,15,44,35,2,27,25,6,9,3,3,1,2,5,12,187,45,2,1,0,7,4,0,5,4,399,699,58,40542,0,0.43281744388276716,0.36109922708924014,0,0
80,13,24,25,3,25,22,8,27,3,1,0,0,9,9,314,58,1,0,0,7,2,0,1,3,299,499,29,14471,1,0.3425508056117521,0.22714325785649683,0,0
74,38,69,24,6,44,28,4,19,1,2,1,2,13,4,234,32,1,0,0,5,4,0,2,4,399,559,43,24037,0,0.3015312592758455,0.315118242585928,0,0
90,51,131,47,4,50,45,13,30,4,1,0,0,0,2,246,11,2,1,1,10,1,1,5,5,999,1369,48,65712,1,0.20232604339633212,0.16086535183485065,0,0
37,7,17,22,1,15,3,8,2,1,2,1,2,22,9,137,65,0,1,0,1,4,1,3,4,399,479,33,15807,0,0.4912635803431124,0.49988719808733173,0,0
38,21,60,37,3,23,12,5,11,1,1,0,1,29,21,90,17,0,2,1,5,3,2,3,2,199,249,23,5727,1,0.3118300426970371,0.3597727446462781,0,0
72,49,152,49,5,44,30,8,33,4,1,0,1,15,2,210,15,3,0,1,6,3,0,2,3,999,1439,35,50365,0,0.247125679659281,0.24631087094196374,0,0
46,15,39,32,3,28,9,4,4,0,2,1,2,85,21,35,175,0,3,0,6,4,3,0,1,199,239,52,12428,0,0.6280306483418546,0.6279583792727466,1,1
51,48,115,29,6,48,19,8,7,1,1,0,0,6,8,271,53,1,1,1,8,4,1,4,3,399,599,26,15574,0,0.36192428339877336,0.3912906795965726,0,0
80,24,51,32,3,35,28,11,20,0,0,0,0,26,12,302,46,0,1,1,6,4,2,5,3,399,509,24,12216,0,0.22481631806073699,0.3189206526610485,0,0
44,8,19,27,2,19,7,5,2,0,0,0,0,31,14,149,75,1,0,0,1,4,2,3,3,199,369,18,6642,1,0.42240917001238043,0.4880814151728406,0,0
33,10,20,20,2,24,3,7,7,1,0,0,0,13,9,60,68,1,2,1,5,4,1,0,1,199,389,27,10503,1,0.5341738527196448,0.45456781683826136,1,0
49,12,28,32,2,26,15,6,5,0,5,1,5,56,26,62,41,0,2,0,1,4,4,0,3,399,459,32,14688,0,0.42467909664826753,0.5058752078221826,0,1
74,20,41,14,5,32,26,8,23,1,0,0,0,21,3,137,54,2,2,1,10,1,0,5,4,399,719,48,34512,0,0.19606426012694464,0.16607538814763292,0,0
70,50,142,39,5,50,36,14,12,5,0,0,0,10,2,289,3,2,1,1,10,2,0,6,4,699,1079,54,58266,0,0.16802418274258984,0.22677384866024947,0,0
79,28,58,24,6,45,39,9,23,4,2,1,2,8,1,230,1,4,0,1,9,3,0,3,4,699,1269,32,40608,0,0.26164094491709444,0.19495401737064452,0,0
45,3,5,16,1,7,3,1,9,0,3,1,2,27,25,48,87,0,2,0,1,4,3,2,1,199,209,4,836,1,0.48555879188923456,0.5844466631107412,0,1
68,24,55,25,5,41,20,10,15,1,1,0,0,29,2,283,24,1,0,1,6,3,0,1,4,499,719,11,7909,1,0.2706034499585555,0.2235540488707944,0,0
57,10,31,25,2,18,9,5,0,0,4,1,1,83,48,60,134,0,1,0,5,4,2,1,3,399,449,52,23348,0,0.5025943035693223,0.5959305699076004,1,1
71,24,75,31,4,36,30,8,29,1,2,1,0,34,8,254,33,2,1,1,4,4,2,2,3,499,819,12,9828,0,0.296424912140893,0.3642678638962835,0,0
100,40,103,20,7,50,47,14,41,3,1,0,0,9,1,326,8,2,1,1,6,2,0,5,5,499,879,20,17580,0,0.23641018933241872,0.12280584475642452,0,0
71,10,19,24,2,27,20,8,11,3,0,0,0,8,9,280,42,1,2,1,9,2,1,2,5,499,699,33,23067,0,0.2974901929610769,0.215570969075989,0,0
63,8,18,17,2,17,11,6,3,0,2,1,2,61,8,156,131,0,1,0,3,4,3,1,1,199,259,38,9842,0,0.6152177786367969,0.578040062860124,1,1
28,24,81,28,4,34,10,7,6,0,3,1,1,44,19,133,146,0,2,0,4,4,4,1,1,399,469,43,20167,1,0.6004515119306382,0.6862486165463522,1,1
81,20,58,30,4,35,32,7,28,3,1,0,1,30,12,309,45,0,2,0,10,2,0,5,2,499,569,48,27312,0,0.21749538903699606,0.2008825783549121,0,0
82,26,89,41,4,33,30,9,5,3,0,0,0,20,11,316,29,1,0,0,4,4,2,1,2,299,509,16,8144,1,0.35595628898747084,0.336747581474876,0,0
85,59,131,45,4,50,39,11,28,7,0,0,0,1,1,243,19,4,1,1,5,4,0,7,4,699,1289,18,23202,1,0.17135982664095042,0.25187587944896006,0,0
96,44,132,35,5,50,46,11,43,4,2,1,0,8,4,219,13,2,0,1,8,4,0,5,5,499,849,24,20376,0,0.2609772959772682,0.26242814026685884,0,0
68,24,61,29,4,30,16,6,6,0,0,0,0,10,15,89,25,0,0,0,9,1,1,4,1,199,259,40,10360,0,0.34935256885709653,0.19410583890241098,0,0
31,21,61,33,3,27,9,5,17,1,0,0,0,31,14,178,67,1,1,0,1,4,1,4,3,399,569,10,5690,1,0.45591506840852447,0.47452283031893044,0,0
35,3,7,15,3,20,5,5,5,0,2,1,2,80,16,147,52,0,2,0,1,4,2,0,2,199,249,15,3735,0,0.47762098240629103,0.5562124935305772,0,1
47,20,46,22,4,31,12,10,28,0,3,1,2,6,11,249,14,0,0,0,3,4,1,5,2,499,599,31,18569,0,0.4100052548135018,0.4104103046694111,0,0
37,6,13,17,2,21,6,3,13,0,1,0,0,42,17,141,87,1,0,1,5,4,0,4,1,199,349,36,12564,0,0.5310009437609341,0.45270891006457,1,0
64,40,87,31,5,47,29,9,18,2,0,0,0,17,6,232,43,1,2,0,5,4,0,4,3,399,609,46,28014,1,0.32627767573835814,0.3402620641139438,0,0
69,19,40,25,2,28,17,6,4,0,2,1,0,44,4,63,88,1,2,0,4,4,0,4,3,199,379,47,17813,0,0.5436352938723666,0.4382289934655395,1,0
49,16,48,29,2,29,11,10,27,1,2,1,2,30,7,176,20,2,0,0,1,4,1,4,3,499,839,10,8390,1,0.4174271264810885,0.42265251046369484,0,0
79,36,81,20,6,46,36,9,40,5,1,0,0,9,2,220,13,3,1,0,7,3,1,4,3,699,1149,59,67791,0,0.2949789373012184,0.329668039523628,0,0
24,6,16,23,2,14,2,4,5,0,5,1,5,47,35,126,46,0,3,0,1,4,2,2,3,199,239,40,9560,1,0.5015585156511158,0.5301399604191134,1,1
83,28,90,29,4,33,28,7,9,2,0,0,0,18,13,198,19,1,2,1,6,2,1,1,4,299,489,23,11247,0,0.2243689861618986,0.18559714317782527,0,0
31,3,9,16,1,11,3,6,5,1,2,1,0,48,10,161,31,0,2,0,5,4,1,1,2,199,259,33,8547,1,0.5140139885530273,0.5841955344065337,1,1
58,25,79,25,5,37,28,5,6,3,3,1,1,6,10,205,41,2,0,1,7,4,1,1,4,299,589,53,31217,1,0.44792615284265463,0.38688714819156655,0,0
78,30,59,19,5,36,30,4,29,1,1,0,1,16,8,220,37,1,2,0,5,4,1,2,4,299,459,29,13311,0,0.22506967206360798,0.3279019273197107,0,0
53,6,13,14,3,23,12,5,5,0,2,1,0,75,33,112,41,0,1,0,1,4,3,2,1,299,349,15,5235,0,0.4995380085275271,0.5359991669228669,0,1
66,25,68,30,5,41,23,11,21,0,3,1,2,23,14,212,57,2,0,0,6,4,1,1,2,299,649,59,38291,0,0.33846153983414845,0.4196662515473379,0,0
30,9,23,19,3,22,3,2,3,1,1,0,0,33,8,139,85,1,1,0,1,4,0,4,2,199,339,6,2034,0,0.55774024849817,0.4769452940656722,1,0
90,40,81,33,5,47,39,8,41,7,0,0,0,6,1,246,4,2,0,1,10,1,1,7,5,999,1319,50,65950,0,0.2639651432974802,0.15579421718720923,0,0
67,14,40,39,2,28,23,7,20,2,3,1,1,33,13,265,22,0,2,0,1,4,2,4,3,399,469,28,13132,0,0.3372245972066073,0.39638845970353,0,0
88,45,134,37,5,46,32,10,18,4,0,0,0,19,0,211,26,3,1,1,10,3,0,5,3,699,1159,34,39406,0,0.18489039671331317,0.2348178785696519,0,0
82,49,132,34,5,49,37,7,19,5,0,0,0,10,5,285,28,4,1,0,9,1,0,5,3,699,1249,47,58703,0,0.20640086624725862,0.2013083028789425,0,0
73,25,83,22,5,34,22,5,28,2,2,1,2,29,5,251,6,1,1,0,6,3,2,3,5,499,669,44,29436,1,0.2653708576665624,0.35270264353308334,0,0
50,8,26,20,2,24,12,6,17,0,3,1,0,16,23,147,80,0,1,0,6,4,0,3,4,299,359,41,14719,1,0.4075388274714272,0.458436827671387,0,0
89,50,91,25,5,50,39,12,10,2,2,1,0,9,0,308,15,4,1,1,2,4,0,4,5,699,1299,14,18186,0,0.21271439722802013,0.23246159264643645,0,0
58,28,83,31,4,37,22,5,22,0,0,0,0,16,1,245,32,0,1,0,8,4,0,2,3,399,449,47,21103,0,0.22892964766467472,0.3648716787760634,0,0
80,56,155,50,4,48,45,8,22,1,1,0,0,17,3,180,14,3,0,1,5,3,1,2,3,999,1439,7,10073,0,0.26301672992497843,0.18719635210526814,0,0
29,10,33,21,2,18,8,5,3,0,2,1,0,23,42,116,93,0,3,0,1,4,2,1,3,299,349,34,11866,1,0.5462235049584954,0.559415109338675,1,1
68,53,148,52,4,50,41,11,29,5,2,1,2,3,0,325,11,4,1,1,1,4,1,6,3,499,1089,10,10890,1,0.3473960250595052,0.28808304829632075,0,0
78,36,82,31,5,44,41,13,41,7,2,1,1,9,2,317,7,2,0,0,1,4,0,5,4,499,869,19,16511,0,0.3127685789417537,0.29024022350147305,0,0
80,45,146,50,4,41,35,8,11,4,0,0,0,4,4,284,5,4,1,1,4,4,0,7,4,699,1259,11,13849,0,0.26187570983169267,0.2127170899496699,0,0
40,6,15,17,3,20,9,7,2,0,2,1,0,69,26,91,123,0,1,1,5,4,4,0,2,299,369,35,12915,1,0.5441523806845973,0.6305537162777978,1,1
73,10,33,34,2,21,17,8,19,0,3,1,3,23,7,114,34,2,2,0,2,4,0,5,2,499,819,16,13104,1,0.39817056753082886,0.2939925490190671,0,0
67,12,30,29,2,23,17,5,16,0,0,0,0,35,19,65,20,0,0,0,10,1,2,0,3,199,249,56,13944,1,0.39894915100498785,0.24422798522945513,0,0
52,7,18,27,1,15,7,8,10,0,3,1,2,40,14,133,39,1,2,0,2,4,0,4,2,199,399,12,4788,0,0.4046352505512651,0.43433898522378955,0,0
55,20,40,28,4,30,17,7,9,0,1,0,0,32,6,274,49,2,1,0,4,4,1,4,2,299,609,37,22533,0,0.2954556110149941,0.41774496042247966,0,0
78,30,70,28,7,50,47,13,34,5,2,1,1,7,0,181,7,2,1,1,7,4,1,4,3,499,869,40,34760,1,0.3188542468685614,0.25727695676877615,0,0
77,37,119,48,4,41,24,10,20,7,0,0,0,11,4,209,5,1,0,1,10,2,1,6,3,499,719,47,33793,0,0.22175503367663416,0.22382122898988638,0,0
83,47,91,25,6,49,35,12,23,6,0,0,0,7,4,180,16,3,0,1,10,1,0,4,4,999,1479,48,70992,0,0.17162408727505404,0.163100698241219,0,0
49,12,38,26,2,20,10,4,5,2,0,0,0,13,5,157,31,0,2,0,6,3,0,2,5,299,339,28,9492,1,0.2422008258167232,0.330541640579104,0,0
35,15,38,22,3,17,6,2,12,1,1,0,0,20,22,111,30,1,1,1,9,1,0,1,1,399,539,42,22638,1,0.5148782198192278,0.24627722446164735,1,0
89,34,106,40,5,40,35,10,36,2,2,1,1,16,3,203,15,2,0,1,4,4,1,5,3,999,1339,27,36153,1,0.2892632706555385,0.24942687492521234,0,0
77,42,146,41,6,47,37,5,14,1,1,0,1,22,3,102,49,0,0,1,10,2,1,5,2,399,449,55,24695,0,0.31247374510717224,0.19339637413882416,0,0
78,35,112,28,5,35,25,6,9,1,2,1,0,29,3,200,40,1,2,1,7,4,1,1,4,399,579,31,17949,0,0.2725859376818574,0.37317423393859334,0,0
94,34,71,22,4,34,32,6,15,2,1,0,0,28,6,206,26,0,0,1,8,4,1,5,5,299,359,55,19745,0,0.20302862137714528,0.3026559916077239,0,0
67,49,104,36,6,49,31,9,37,5,2,1,1,3,4,332,19,3,0,1,3,4,1,7,4,999,1449,19,27531,1,0.2955133228299092,0.28946737941509393,0,0
66,54,120,32,6,50,26,12,15,2,0,0,0,9,4,250,13,3,1,0,7,2,1,6,4,499,979,33,32307,1,0.27495913245116926,0.2661367383153641,0,0
71,49,114,21,7,50,38,11,13,1,0,0,0,4,2,330,4,4,0,1,8,2,0,2,5,999,1589,26,41314,0,0.1502395665950242,0.15997585036245093,0,0
59,35,96,35,5,43,25,11,18,1,1,0,0,7,2,294,31,0,0,1,8,2,2,2,5,399,509,36,18324,1,0.23564266519890031,0.2591795360334305,0,0
72,24,49,22,6,30,19,4,24,2,0,0,0,30,9,241,40,1,1,1,8,3,0,2,4,299,459,37,16983,0,0.14105430281186984,0.24749032435722518,0,0
71,30,77,17,6,38,25,4,19,3,0,0,0,10,12,205,16,2,1,1,5,4,1,5,2,399,679,31,21049,0,0.25915481906496834,0.29439674525569165,0,0
53,24,60,23,4,34,17,6,9,0,6,1,6,56,29,174,49,0,1,0,3,4,3,0,1,299,359,50,17950,1,0.47989391774770346,0.49486860099102237,0,0
52,16,37,23,2,29,12,8,5,1,1,0,1,8,1,304,24,2,0,1,6,2,2,2,4,299,619,31,19189,0,0.3071944921475005,0.295641365830461,0,0
89,44,114,32,6,50,45,14,39,6,1,0,0,13,0,195,2,2,1,1,10,3,0,3,4,699,1079,45,48555,0,0.2741808189074368,0.22094656750995384,0,0
66,14,30,24,2,25,15,3,12,0,3,1,3,24,22,146,26,1,0,1,7,3,2,0,1,199,349,56,19544,0,0.4616508984269811,0.33326729689202045,0,0
76,36,89,26,6,49,35,14,38,3,2,1,2,5,6,298,29,4,0,1,8,4,0,2,5,999,1619,46,74474,0,0.35849810022143525,0.3221055647780841,0,0
20,8,22,26,2,12,0,1,0,0,3,1,2,38,39,89,46,0,2,1,4,4,3,1,3,199,209,25,5225,0,0.5790143106705894,0.5686342486625536,1,1
97,47,101,39,4,47,44,10,33,7,2,1,0,0,3,189,9,4,1,1,8,4,1,7,5,999,1579,34,53686,0,0.226076736580897,0.29389077718352286,0,0
88,51,116,34,4,50,44,13,22,2,0,0,0,13,4,344,29,2,0,1,10,3,0,4,5,999,1369,39,53391,0,0.14263587623715018,0.23195295755873502,0,0
29,0,5,24,0,6,1,4,2,0,3,1,2,71,23,99,124,0,2,0,5,4,2,0,3,199,239,56,13384,1,0.6825801244517712,0.6625816345459151,1,1
85,39,82,35,4,45,42,11,28,4,0,0,0,8,5,311,22,4,1,1,10,3,0,6,5,999,1589,35,55615,0,0.1640339582459431,0.21090592973492625,0,0
82,59,110,45,4,50,42,11,41,5,2,1,0,9,4,329,8,4,0,1,8,4,0,6,4,499,1089,58,63162,0,0.4131019610457871,0.3946124861034549,0,0
71,33,96,30,5,33,23,4,28,3,0,0,0,17,9,259,33,0,1,0,3,4,1,2,3,399,439,28,12292,0,0.3190296695802138,0.3588894120468785,0,0
26,2,5,15,1,12,2,4,1,0,4,1,4,22,22,109,84,0,1,1,5,4,3,2,3,199,239,49,11711,1,0.5684323228861474,0.5637844883821693,1,1
55,24,76,24,4,30,17,5,29,0,3,1,3,20,2,303,28,2,2,1,5,4,0,3,5,399,689,53,36517,0,0.3813169536460624,0.3805253484142418,0,0
61,8,23,19,2,24,15,7,8,2,0,0,0,10,6,300,18,1,2,1,10,3,0,1,3,299,489,49,23961,1,0.2580933714269347,0.27877360423643777,0,0
51,8,19,22,4,21,12,2,10,0,2,1,2,29,18,74,99,0,1,0,3,4,2,0,2,499,519,10,5190,1,0.3762090059175782,0.4393558386595968,0,0
74,42,143,33,6,50,43,11,34,5,1,0,1,4,3,246,6,1,1,1,4,4,0,3,4,499,729,11,8019,0,0.23682747824269412,0.22560914516141578,0,0
52,48,96,24,6,50,26,5,18,0,1,0,0,25,7,265,59,0,2,1,7,4,0,1,5,499,549,25,13725,1,0.3751709154485781,0.35089382948308767,0,0
62,54,117,26,7,50,29,9,6,2,3,1,1,11,12,208,7,2,1,1,6,4,0,1,4,499,829,37,30673,0,0.38163466454253264,0.3334392189760672,0,0
45,12,30,33,2,21,13,4,2,0,3,1,2,28,18,117,83,0,2,0,6,4,2,0,1,299,339,51,17289,1,0.4952497781748963,0.5046921494614864,0,1
65,21,72,31,3,30,18,5,12,1,3,1,3,29,18,192,37,0,2,1,9,3,2,3,3,399,449,51,22899,0,0.3018753964804803,0.33547802457871734,0,0
46,35,65,32,5,46,11,9,5,2,0,0,0,12,3,279,30,2,1,1,7,4,0,5,2,499,829,40,33160,1,0.37821417447633415,0.3496140112292795,0,0
60,5,17,29,1,10,5,4,7,0,2,1,2,86,49,55,162,0,1,0,1,4,1,0,2,299,339,31,10509,1,0.42580001399903167,0.5370818042828772,0,1
47,10,26,28,2,26,10,8,17,1,1,0,0,49,22,145,87,1,0,0,1,4,0,3,4,199,399,4,1596,0,0.4633923070443605,0.4466928467057744,0,0
77,45,91,29,7,50,37,11,16,4,1,0,1,13,3,356,2,3,1,1,5,4,0,4,4,699,1169,14,16366,1,0.17996703203595485,0.20082147247528512,0,0
63,14,47,34,2,22,16,5,25,2,1,0,1,29,12,152,31,1,1,1,10,3,2,3,2,299,469,58,27202,1,0.3452655819684468,0.35773820852269805,0,0
76,40,94,32,5,46,35,8,13,2,0,0,0,32,7,226,55,1,1,0,6,4,1,1,2,499,699,36,25164,1,0.24589140839945614,0.35636859497606016,0,0
30,20,59,25,4,29,9,2,6,0,1,0,0,13,21,212,86,1,1,0,4,4,1,3,3,199,339,29,9831,1,0.5184221260021169,0.4904526326649792,1,0
54,8,27,29,2,18,7,6,6,0,2,1,2,83,42,37,76,0,2,0,7,4,3,0,2,299,359,53,19027,1,0.5348945752076756,0.5749500892836168,1,1
46,6,16,28,1,12,4,2,17,0,1,0,0,36,19,206,49,0,2,1,3,3,2,2,3,199,219,28,6132,0,0.3467765761768703,0.4003839117728366,0,0
56,28,76,29,4,29,18,4,3,1,3,1,0,12,11,129,88,0,0,1,6,3,2,2,4,199,239,54,12906,0,0.40595471662312976,0.40068396552282237,0,0
76,37,125,57,3,39,28,11,10,2,2,1,1,17,3,273,20,2,1,1,8,4,0,4,5,999,1349,40,53960,0,0.29714678424119545,0.30867185672513936,0,0
100,57,132,26,7,50,39,12,21,7,1,0,0,11,2,365,4,2,0,1,7,2,0,3,4,499,859,17,14603,0,0.16167332497399506,0.15502817464894006,0,0
95,49,152,54,4,50,30,11,20,2,0,0,0,4,1,354,19,4,1,1,10,1,0,4,5,699,1289,55,70895,0,0.19769035315847758,0.16347385361399414,0,0
55,24,65,24,6,42,21,10,25,2,2,1,2,21,2,108,31,2,2,1,1,4,2,1,2,299,639,14,8946,0,0.3435686215668732,0.34881974166809615,0,0
78,51,142,50,4,50,30,14,32,6,0,0,0,9,2,287,10,4,0,1,10,3,1,4,5,699,1319,33,43527,1,0.16450259760261063,0.2993080658573917,0,0
76,52,100,36,4,50,43,10,39,3,2,1,1,1,0,246,1,1,0,1,8,4,0,5,3,999,1219,25,30475,0,0.20267840911190171,0.2671620369582082,0,0
87,40,98,29,7,48,42,11,32,1,0,0,0,4,1,305,2,2,0,1,6,3,1,7,5,999,1349,31,41819,0,0.2391808592824398,0.16620017634084058,0,0
33,2,5,20,2,15,5,3,1,0,5,1,1,56,39,67,173,0,3,1,1,4,2,0,1,199,229,46,10534,1,0.46480052592656185,0.5798702715386345,0,1
41,26,48,25,5,39,18,6,6,0,3,1,3,46,21,189,57,0,2,1,5,4,0,1,5,199,259,55,14245,0,0.43723433617789026,0.3604877144113066,0,0
93,52,126,44,4,50,44,12,20,7,0,0,0,8,3,268,6,2,0,1,8,4,1,7,3,699,1059,47,49773,1,0.2314210896197606,0.29592156825706795,0,0
67,27,66,22,6,39,21,7,13,3,0,0,0,7,12,308,5,0,2,1,10,2,0,1,4,499,569,45,25605,0,0.18351975246354071,0.17490435271395374,0,0
56,14,38,24,2,28,14,7,26,3,0,0,0,22,7,278,56,2,1,0,8,4,0,2,5,399,709,50,35450,0,0.41363097079031763,0.4567275061149006,0,0
68,8,22,30,2,24,16,5,15,0,2,1,2,31,10,119,44,1,2,0,7,3,0,4,1,399,569,52,29588,0,0.30570002749724584,0.300360052089693,0,0
79,40,139,34,5,48,32,8,12,2,1,0,0,14,0,226,16,3,1,0,6,2,1,5,4,499,939,21,19719,0,0.17825331432292127,0.21795623597838035,0,0
47,24,83,29,6,31,17,5,28,2,0,0,0,29,1,264,54,1,2,1,2,4,2,5,5,299,469,13,6097,0,0.37180659298327273,0.4004498144773882,0,0
83,51,138,30,6,50,41,10,12,2,0,0,0,1,0,295,3,4,0,1,8,2,1,3,4,699,1279,28,35812,1,0.19949529606524424,0.17866066235584233,0,0
58,28,97,38,4,34,21,4,10,1,0,0,0,33,13,311,45,2,0,0,7,3,1,3,5,399,679,45,30555,0,0.30866003389132995,0.36925456327675515,0,0
73,36,110,33,5,50,43,14,35,2,0,0,0,5,4,316,15,1,0,1,7,3,0,6,3,999,1259,19,23921,0,0.15969675231991468,0.16720365483145877,0,0
62,46,98,33,6,49,24,7,15,3,1,0,1,17,7,303,28,3,0,1,7,3,1,5,4,699,1129,39,44031,0,0.274601654487701,0.29160183187775757,0,0
65,8,27,32,2,26,13,7,12,0,3,1,1,31,7,310,40,0,2,0,3,4,0,5,5,299,369,55,20295,1,0.4026836663465249,0.3647529549763399,0,0
86,37,114,38,5,44,40,12,34,1,2,1,0,2,6,348,21,3,0,1,3,4,0,4,3,999,1479,18,26622,0,0.17834099258813293,0.21135618818865762,0,0
53,30,86,26,5,40,23,8,18,2,1,0,0,33,5,221,58,1,0,1,9,3,0,1,3,499,699,40,27960,1,0.19769241211092375,0.3272813244145159,0,0
67,32,88,47,3,44,29,14,22,5,0,0,0,2,5,358,21,1,0,1,10,2,1,5,4,999,1259,52,65468,0,0.34014121199869135,0.239161373911482,0,0
94,39,81,29,5,47,44,13,14,5,0,0,0,7,0,344,18,4,0,1,4,4,0,4,3,499,1109,11,12199,1,0.16264315532806534,0.1931784570696041,0,0
69,16,51,43,2,26,14,7,24,0,2,1,0,29,3,111,22,2,1,0,5,4,0,5,4,399,709,25,17725,0,0.40572613911938227,0.37256937213223185,0,0
51,32,61,27,4,37,22,7,10,1,3,1,2,25,9,315,14,0,2,1,7,4,2,4,5,299,369,50,18450,0,0.36178463132982674,0.422198345805049,0,0
86,56,156,55,4,50,43,13,25,4,1,0,0,12,1,207,15,1,1,1,10,1,1,3,3,699,949,41,38909,0,0.20728452748410017,0.16664472043307857,0,0
47,16,41,19,4,30,17,8,17,0,2,1,2,13,7,276,26,1,1,1,9,2,2,4,2,299,499,53,26447,0,0.31284132433790074,0.3084278649752694,0,0
67,8,16,12,4,23,15,3,8,0,4,1,2,62,13,62,76,0,2,0,2,4,4,1,2,499,529,38,20102,0,0.4792549984026715,0.5242972379841225,0,1
75,35,106,36,4,39,29,10,33,3,0,0,0,0,4,257,22,4,1,1,10,1,1,4,3,699,1279,56,71624,1,0.34982584840836994,0.22094987041547678,0,0
76,12,29,28,2,21,17,4,8,3,0,0,0,14,1,158,43,0,2,1,7,3,0,3,5,399,439,10,4390,0,0.31888849307012934,0.22835281502015117,0,0
84,36,102,28,6,46,37,8,9,0,2,1,1,24,6,200,29,1,2,1,9,3,1,3,5,499,699,39,27261,1,0.2541769466110457,0.23456529841070872,0,0
63,15,31,15,3,28,17,4,14,0,1,0,0,40,19,106,33,1,2,1,8,2,0,3,1,399,559,36,20124,1,0.36284678862803027,0.22984062153677265,0,0
72,18,59,25,5,27,18,3,8,1,0,0,0,20,3,198,76,1,0,0,8,2,0,4,2,299,449,52,23348,0,0.3028756970714257,0.23566616086570716,0,0
63,35,66,31,5,49,30,13,33,3,0,0,0,2,6,332,1,4,0,1,8,3,0,6,5,699,1309,24,31416,1,0.24978795541579005,0.21366710148444923,0,0
77,27,79,25,7,37,25,7,7,0,0,0,0,17,14,138,52,1,1,1,10,3,0,4,4,299,489,42,20538,1,0.19929229698960654,0.20541456635165775,0,0
65,28,84,38,4,40,29,7,28,3,2,1,0,15,1,121,5,1,0,1,5,4,0,3,2,299,489,9,4401,0,0.29219843091194325,0.305196283077829,0,0
55,8,27,27,2,16,7,4,2,1,0,0,0,48,17,86,67,0,1,0,4,3,0,2,3,199,239,34,8126,0,0.424766547545932,0.3525379837843488,0,0
51,4,10,20,1,22,9,8,4,0,1,0,0,39,3,103,82,0,2,0,4,3,2,3,3,399,479,38,18202,1,0.4671806516715147,0.43326595624517644,0,0
34,12,26,13,4,27,12,8,10,1,2,1,1,41,23,63,48,0,1,0,1,4,0,3,4,299,379,34,12886,0,0.40922365759203255,0.4435947039668427,0,0
53,28,54,20,4,38,20,6,6,0,1,0,0,20,8,251,13,2,1,0,5,4,1,3,2,399,699,28,19572,0,0.2970838512294425,0.39948825269477456,0,0
91,25,57,22,6,38,31,7,15,5,0,0,0,19,2,216,28,2,1,1,9,1,0,5,4,999,1309,40,52360,0,0.17511351715744894,0.11665475868336599,0,0
65,12,25,27,2,24,15,6,17,1,2,1,2,30,21,148,65,0,2,0,4,4,0,4,4,399,459,41,18819,1,0.3055534418414246,0.3692926872150448,0,0
50,10,34,24,3,24,14,4,10,0,5,1,4,67,16,149,119,0,1,0,2,4,2,0,3,199,239,37,8843,0,0.641862786491821,0.5352597089642724,1,1
28,6,13,19,3,19,3,4,4,0,3,1,1,28,10,96,92,0,3,0,1,4,1,0,2,199,239,6,1434,0,0.4904198825698981,0.5335252905980826,0,1
77,54,159,41,5,50,46,12,22,2,2,1,2,6,4,274,18,1,1,0,9,4,0,5,4,999,1239,55,68145,0,0.24072321880165973,0.3581782768889227,0,0
66,14,38,29,2,28,19,9,9,3,3,1,3,23,3,283,55,1,2,1,5,4,2,1,5,399,609,43,26187,0,0.46183348372181643,0.4063150172330019,0,0
87,34,64,28,7,50,39,12,36,6,2,1,1,3,1,329,5,3,0,1,10,3,1,7,5,499,979,54,52866,0,0.29433502340947293,0.2452288198584617,0,0
63,0,5,14,0,14,7,6,2,0,1,0,0,77,31,35,116,0,2,0,2,4,3,0,2,299,359,16,5744,0,0.6488172572566473,0.5791060600291154,1,1
51,25,79,32,5,40,22,9,20,3,3,1,1,31,12,106,36,1,2,1,2,4,0,1,2,299,509,11,5599,1,0.3628491809729841,0.3366814201665594,0,0
82,34,76,19,7,50,40,13,32,3,0,0,0,8,0,284,16,1,0,1,4,4,0,6,4,999,1249,14,17486,0,0.13688033883917872,0.16935932928579883,0,0
85,39,102,33,7,50,42,12,43,1,1,0,1,0,2,211,16,4,0,1,7,3,0,5,4,699,1299,40,51960,0,0.2148238747646058,0.1792408161421034,0,0
51,20,48,17,5,34,18,10,12,1,2,1,0,24,3,151,18,0,0,1,5,4,2,1,2,499,599,16,9584,0,0.34906044708120393,0.4082031198444472,0,0
85,36,86,32,4,41,38,8,37,6,0,0,0,12,1,209,8,3,1,0,8,4,1,7,4,499,939,55,51645,0,0.32163728151633564,0.3739350094657969,0,0
32,4,9,27,1,13,4,5,8,0,4,1,3,57,13,114,99,0,3,0,6,4,1,2,1,399,449,56,25144,0,0.4982684008203651,0.5745000056019303,0,1
41,10,33,33,2,24,5,5,5,0,2,1,2,67,45,137,84,0,3,0,2,4,1,0,3,199,249,39,9711,0,0.5402708251165859,0.49170789193756437,1,0
29,2,5,18,1,18,3,7,11,0,4,1,4,58,19,36,106,0,1,0,2,4,1,2,3,499,569,26,14794,1,0.5633823917477621,0.5508553747592767,1,1
54,0,5,19,0,5,1,2,4,0,1,0,1,56,31,90,80,0,3,0,4,3,2,0,2,199,219,20,4380,1,0.6046070227281266,0.47017326755798505,1,0
60,2,6,11,1,11,7,2,0,0,3,1,3,31,23,57,114,0,1,0,3,4,3,2,2,299,319,18,5742,0,0.5136635530639555,0.5423883391867066,1,1
64,4,9,12,2,22,12,5,7,0,5,1,0,52,40,144,84,0,1,0,1,4,1,0,3,299,349,40,13960,0,0.5790511657709704,0.4835169758140977,1,0
78,25,53,20,5,37,32,11,7,3,1,0,0,31,7,271,47,0,0,1,6,4,1,2,5,299,409,21,8589,0,0.26354384493190375,0.30878151845666285,0,0
35,20,37,28,4,35,12,8,9,1,1,0,0,49,20,119,57,1,0,1,9,3,1,2,4,199,399,52,20748,0,0.3603684553866749,0.3997353708971297,0,0
67,16,29,12,4,26,20,8,10,0,2,1,0,31,15,66,19,1,2,0,3,4,2,0,1,199,399,15,5985,0,0.4574944664492308,0.4331886575281995,0,0
60,16,51,41,2,29,18,7,11,0,1,0,0,20,18,203,35,0,1,0,5,4,1,4,1,299,369,51,18819,0,0.3719069942190336,0.36796004993741627,0,0
67,46,104,32,4,49,33,12,20,7,1,0,0,7,0,195,0,4,0,1,6,4,1,3,5,999,1599,11,17589,0,0.25602899980736754,0.28376679425265,0,0
84,39,81,44,3,43,38,8,24,4,0,0,0,4,4,297,24,1,0,1,10,3,1,6,3,999,1199,43,51557,1,0.24221410099176666,0.23537740830226422,0,0
74,34,94,26,6,47,36,10,16,4,0,0,0,13,2,320,5,2,1,1,6,3,1,5,5,999,1339,11,14729,0,0.12392326784501231,0.16991640093052288,0,0
57,30,100,24,6,35,29,6,6,1,0,0,0,31,10,314,16,1,0,1,10,2,2,5,3,299,479,37,17723,0,0.2896548961513528,0.2697863689488609,0,0
80,11,37,22,3,22,14,6,25,3,1,0,1,12,2,238,41,1,2,1,7,4,1,1,3,299,479,31,14849,0,0.40922080500922153,0.32615709509418134,0,0
71,41,91,23,6,45,33,10,41,2,2,1,1,11,4,312,16,4,0,1,5,4,0,6,3,999,1579,34,53686,0,0.29621105925131747,0.3092068620692447,0,0
63,8,27,26,2,18,13,8,6,1,1,0,0,48,22,153,62,0,1,0,1,4,0,2,3,399,479,23,11017,0,0.3873324607449312,0.3737957098314685,0,0
67,9,27,20,3,21,11,7,14,1,3,1,1,19,24,59,24,1,0,0,1,4,0,3,4,399,589,10,5890,1,0.38384535561460836,0.3370177590952289,0,0
39,6,16,20,3,19,8,1,1,0,4,1,4,61,17,60,68,0,2,0,1,4,1,0,2,299,309,5,1545,1,0.47229608905116116,0.4694239078276706,0,0
32,5,9,19,1,13,3,2,11,0,2,1,1,29,20,147,37,1,1,0,3,4,2,3,3,399,539,29,15631,0,0.5625534428363619,0.5590822078674867,1,1
73,16,32,15,4,34,25,7,13,0,4,1,4,62,18,149,79,0,1,0,1,4,1,0,2,399,469,30,14070,0,0.4573657218528708,0.3726797682713217,0,0
63,0,5,21,0,6,3,4,4,0,5,1,5,81,41,20,170,0,3,0,4,4,2,2,3,399,439,59,25901,1,0.5347480108797349,0.5798617886998446,1,1
32,10,34,22,2,24,3,6,4,0,5,1,4,86,18,71,163,0,2,0,1,4,3,2,3,199,259,17,4403,1,0.5982713629496216,0.684240627203934,1,1
76,20,66,34,4,26,15,4,25,0,0,0,0,9,12,301,27,1,1,0,8,3,2,5,3,299,459,57,26163,1,0.28114863657715716,0.32081632582435915,0,0
92,29,93,36,5,37,26,9,24,4,0,0,0,16,7,339,19,4,1,1,10,2,1,4,3,999,1569,56,87864,0,0.37126132024300895,0.23457748986282756,0,0
65,50,162,52,4,49,25,11,25,7,1,0,0,14,3,271,2,4,1,1,10,2,1,3,5,699,1289,56,72184,1,0.3460037364125325,0.33644954382891445,0,0
53,0,5,20,0,5,2,1,9,0,1,0,1,20,40,138,43,0,3,0,4,4,2,2,2,299,309,47,14523,0,0.5903796307084608,0.46047288502084727,1,0
92,33,100,27,6,42,39,8,26,3,0,0,0,3,3,233,1,2,1,1,10,2,0,7,5,699,1019,26,26494,1,0.140273356000985,0.12580403363873693,0,0
46,48,153,32,6,50,26,7,20,3,1,0,1,26,4,280,26,0,0,0,8,4,0,1,3,399,469,49,22981,1,0.3428644971771531,0.43111576069207724,0,0
54,18,57,24,3,33,17,9,28,2,1,0,0,28,8,225,30,1,1,0,6,4,2,3,2,499,709,43,30487,0,0.34504769858811585,0.48551671393353485,0,0
84,46,119,22,7,50,41,11,29,1,2,1,0,9,0,294,2,4,0,1,5,4,1,4,3,699,1289,10,12890,0,0.18243482927507207,0.25347021070857595,0,0
30,15,37,26,3,22,6,2,6,1,2,1,2,23,11,214,29,1,1,1,7,3,1,0,4,199,339,39,13221,1,0.5619013935413931,0.40171656577967824,1,0
77,37,93,27,6,43,32,8,16,2,2,1,0,16,1,292,13,4,1,1,6,4,0,4,3,699,1259,13,16367,1,0.21248890978749968,0.2544196244849444,0,0
69,53,137,32,7,50,29,12,39,5,1,0,0,9,2,185,5,2,1,1,10,1,0,7,3,999,1359,58,78822,1,0.32715575298121913,0.2060814835181374,0,0
79,47,100,22,7,50,36,14,17,2,0,0,0,10,2,276,3,2,1,1,10,3,0,5,4,999,1379,55,75845,1,0.16728054540825973,0.24167181605983146,0,0
44,20,60,22,4,29,16,3,7,1,2,1,2,12,8,142,31,0,2,1,8,4,1,2,4,399,429,53,22737,0,0.3876524024932725,0.3931991591203779,0,0
53,16,42,34,2,28,16,10,21,2,0,0,0,20,2,227,15,1,2,1,3,4,1,3,3,499,719,12,8628,0,0.4033212062621317,0.3310371098576228,0,0
87,47,116,32,6,50,44,8,6,3,3,1,3,27,14,267,18,0,1,1,5,4,0,4,3,399,479,20,9580,1,0.3969893341942428,0.22387587596703912,0,0
84,44,87,38,4,50,31,12,22,7,0,0,0,3,3,180,10,3,1,1,10,3,1,6,5,499,979,31,30349,0,0.260462498620437,0.24807666833213038,0,0
